File,Key,English,Context Comment,Reference (es),Translation
Resources,AppDisplayName,JASM+ - Just Another Skin Manager Plus,Application display name in the window title bar,JASM+ - Just Another Skin Manager,
Resources,AppDescription,JASM+ - Just Another Skin Manager Plus,Application description,JASM+ - Just Another Skin Manager,
Resources,Startup1.Text,"As part of the first time setup you will need to select a Model-Importer folder (3dmigoto) and its connected Mods folder. The 3dmigoto folder contains 3DMigoto Loader.exe/3DMigotoLoader.exe and a Mods folder. If you have not set up the model importer yet, please do so now, see link below. I find most mods on Gamebanana but Nexusmods also has some.","Informational text on the first-time setup page (preserved for reference, may not be in use)","Como parte de la configuración inicial, necesitarás seleccionar una carpeta de Model-Importer (3dmigoto) y su carpeta de Mods conectada. La carpeta de 3dmigoto contiene 3DMigoto Loader.exe/3DMigotoLoader.exe y una carpeta de Mods. Si aún no has configurado el model importer, por favor hazlo ahora, ve el enlace abajo. Encuentro la mayoría de los mods en Gamebanana, pero Nexusmods también tiene algunos.",
Resources,Startup2.Text,Once the settings are saved the application will create a folder for each character within the 'Mods' folder. Mod folders outside of these character folders are ignored. This application enables and disables mods by prefixing mod folders with 'DISABLED_'.  JASM+ also supports exporting Mods managed by it if you wish to use them with other applications.,"Informational text on the first-time setup page (preserved for reference, may not be in use)","Una vez que se guarden los ajustes, la aplicación creará una carpeta para cada personaje dentro de la carpeta 'Mods'. Las carpetas de mods fuera de estas carpetas de personajes serán ignoradas. Esta aplicación habilita y deshabilita mods prefijando las carpetas de mods con 'DISABLED_'. JASM+ también soporta la exportación de Mods gestionados por ella si deseas usarlos con otras aplicaciones.",
Resources,Startup3.Text,It is always a good idea to backup your files/mods before using applications that interact with your files,"Informational text on the first-time setup page (preserved for reference, may not be in use)",Siempre es una buena idea hacer una copia de seguridad de tus archivos/mods antes de usar aplicaciones que interactúan con tus archivos,
Resources,ShellMenuItem_Views_Main.Text,Main,Navigation menu item label. Takes user to the Main.Text page,Principal,
Resources,Main_Title.Text,Main,Page title for the main view,Principal,
Resources,ShellMenuItem_Views_Startup.Text,Startup,Navigation menu item label. Takes user to the Startup.Text page,Inicio,
Resources,Startup_Title.Text,First time startup,UI text on the first-time setup page,Primera vez configuración,
Resources,Settings_Personalization.Text,Personalization,Static label text on the Settings component,Personalización,
Resources,Settings_Theme.Text,Theme,Static label text on the Settings component,Tema,
Resources,Settings_Theme_Light.Content,Light,Button/toggle label in Settings page,Claro,
Resources,Settings_Theme_Dark.Content,Dark,Button/toggle label in Settings page,Oscuro,
Resources,Settings_Theme_Default.Content,Default,Button/toggle label in Settings page,Predeterminado,
Resources,Settings_AboutDescription.Text,The goal of JASM+ is to make it easy to organize a larger amount of skin mods,Static label text on the Settings component,El objetivo de JASM+ es facilitar la organización de una gran cantidad de mods de skin,
Resources,SettingsPage_PrivacyTermsLink.Content,Privacy Statement,Privacy statement hyperlink text,Declaración de Privacidad,
Resources,SettingsPage_PrivacyTermsLink.NavigateUri,https://YourPrivacyUrlGoesHere/,URL for the privacy statement,https://YourPrivacyUrlGoesHere/,
Resources,ShellMenuBarSettingsButton.[using:Microsoft.UI.Xaml.Automation]AutomationProperties.Name,Settings,UI element in the main navigation shell,Configuración,
Resources,SettingsPage_Description.Text,Settings are saved independently for each selected game.,Description text on the settings page,La configuración se guarda de forma independiente para cada juego seleccionado.,
Resources,Settings_Title.Text,Settings,Text in a settings confirmation dialog,Configuración,
Resources,Startup/Tooltip1.Text,Enabling this option will prompt the application to sort existing mods into folders assigned to their respective characters. Any mods that can't be reasonably matched will be placed in an 'Others' folder.,UI text on the first-time setup page,Habilitar esta opción hará que la aplicación ordene los mods existentes en carpetas asignadas a sus respectivos personajes. Cualquier mod que no se pueda emparejar razonablemente será colocado en una carpeta 'Otros'.,
Resources,Startup/Tooltip2.Text,"A mod folder containing multiple character names may be wrongly moved to a character's directory. This assumes a flat mod structure, where skin folders are loosely stored in the mods folder. If you have a custom folder structure, there is a high chance that JASM+ will incorrectly identify your skins. This also the case if you have nested folders with skins inside of them.",UI text on the first-time setup page,"Una carpeta de mod que contiene nombres de múltiples personajes puede ser movida incorrectamente al directorio de un personaje. Esto asume una estructura plana de mod, donde las carpetas de skins se almacenan sueltas en la carpeta de mods. Si tienes una estructura de carpetas personalizada, hay una alta probabilidad de que JASM+ identifique incorrectamente tus skins. Esto también es el caso si tienes carpetas anidadas con skins dentro de ellas.",
Resources,Startup/Tooltip3.Text,This can be activated later in the settings page.,UI text on the first-time setup page,Esto se puede activar más tarde en la página de configuración.,
Resources,Settings_About.Text,About this application,Static label text on the Settings component,Acerca de esta aplicación,
Resources,Settings_ComboBox_Header.Text,Select Display Language:,Form field label in Settings page,Seleccionar idioma de visualización:,
Resources,Settings_ExportDialog.Text,This will export all mods that JASM+ is managing to a an export folder of your choice. The mods will be copied to the export folder and will not be removed from the original folder.,Static label text on the Settings component,Esto exportará todos los mods que JASM+ está gestionando a una carpeta de exportación de tu elección. Los mods serán copiados a la carpeta de exportación y no serán eliminados de la carpeta original.,
Resources,Settings_ExportDialogButtons.CloseButtonText,Cancel,Cancel/dismiss button in a dialog,Cancelar,
Resources,Settings_ExportDialogButtons.PrimaryButtonText,Export,Button label in the mod export dialog,Exportar,
Resources,Settings_ExportDialog_ChangeStatus.Text,Change status of exported mods,Static label text on the Settings component,Cambiar estado de los mods exportados,
Resources,Settings_ExportDialog_KeepStructure.Text,Keep folder structure of CharacterName/Mods in export folder,Static label text on the Settings component,Mantener la estructura de carpetas de CharacterName/Mods en la carpeta de exportación,
Resources,Settings_ExportDialog_RemoveJasm.Text,Removes JASM+ configuration files from the exported Mods,Static label text on the Settings component,Eliminar archivos de configuración de JASM+ de los mods exportados,
Resources,Settings_Export_Button.Text,Export Mods,Static label text on the Settings component,Exportar Mods,
Resources,Settings_Export_Title.Text,Export/Backup Mods,Text in a settings confirmation dialog,Exportar/Hacer copia de seguridad de Mods,
Resources,Settings_Language.Text,Language,Language selection UI in Settings,Idioma,
Resources,Settings_Language_TexBlock.Text,Language options are currently limited. It is a work in progress.,Language selection UI in Settings,Las opciones de idioma son actualmente limitadas. Es un trabajo en progreso.,
Resources,ShellPage_NavItem_CharacterManagement,Character Management,Navigation menu item label. Takes user to the CharacterManagement page,Gestión de Personajes,
Resources,ShellPage_NavItem_ModsOverview,Mods Overview,Navigation menu item label. Takes user to the ModsOverview page,Visión General de Mods,
Resources,ShellPage_NavItem_ModPresets,Mod Presets,Navigation menu item label. Takes user to the ModPresets page,Presets de Mods,
Resources,ShellPage_NavItem_Debug,Debug,Navigation menu item label. Takes user to the Debug page,Depuración,
Resources,ShellPage_NavItem_Settings,Settings,Navigation menu item label. Takes user to the Settings page,Configuración,
Resources,ShellPage_NavItem_Notifications,Notifications,Navigation menu item label. Takes user to the Notifications page,Notificaciones,
Resources,ShellPage_SettingsItem,Settings,Navigation menu item label. Takes user to the SettingsItem page,Configuración,
Resources,CharactersPage_CheckForUpdates.Text,Check for updates,Static label text on the CharactersPage component,Buscar actualizaciones,
Resources,CharactersPage_OpenFolder.Text,Open folder...,Button label to open the mods folder in file explorer,Abrir carpeta...,
Resources,CharactersPage_ModsSubMenu.Text,Mods,Static label text on the CharactersPage component,Mods,
Resources,CharactersPage_ClearNotifications.Text,Clear Notifications,Static label text on the CharactersPage component,Limpiar Notificaciones,
Resources,CharactersPage_DisableAllModsMenuItem.Text,Disable all mods,Static label text on the CharactersPage component,Deshabilitar todos los mods,
Resources,CharactersPage_SelectProcessDialog.Title,Select Process Path,Section or dialog title on the CharactersPage component,Seleccionar Ruta del Proceso,
Resources,CharactersPage_SelectProcessDialog_Description.Text,Select the path to the process you want to start. Once saved this will be started when pressing the start button. This can be reset on the settings page.,Static label text on the CharactersPage component,"Selecciona la ruta al proceso que deseas iniciar. Una vez guardado, se iniciará al presionar el botón de inicio. Esto se puede restablecer en la página de configuración.",
Resources,CharactersPage_SelectProcessDialog_PrimaryButtonText,Save,Button label in the process path selection dialog,Guardar,
Resources,CharactersPage_SelectProcessDialog_SecondaryButtonText,Cancel,Button label in the process path selection dialog,Cancelar,
Resources,CharactersPage_SelectProcessDialog_GamePlaceholderText,Select the game executable,Text on the CharactersPage component,Selecciona el ejecutable del juego,
Resources,CharactersPage_SelectProcessDialog_ModelImporterPlaceholderText,Select the model importer executable,Text on the CharactersPage component,Selecciona el ejecutable del model importer,
Resources,CharactersPage_CreateAdvancedCommand.Content,Create Advanced Command,Button or toggle label on the CharactersPage component,Crear Comando Avanzado,
Resources,CharactersPage_EnableAllDialog.Title,Enable all mods?,Section or dialog title on the CharactersPage component,¿Habilitar todos los mods?,
Resources,CharactersPage_EnableAllDialog_Description.Text,This will enable all currently tracked mods in the active categories.,Static label text on the CharactersPage component,Esto habilitará todos los mods rastreados en las categorías activas.,
Resources,CharactersPage_DisableAllDialog.Title,Disable all mods?,Section or dialog title on the CharactersPage component,¿Deshabilitar todos los mods?,
Resources,CharactersPage_DisableAllDialog_Description.Text,It's recommended to save your current configuration as a preset for easy restoring,Static label text on the CharactersPage component,Se recomienda guardar tu configuración actual como un preset para restaurarla fácilmente,
Resources,CharactersPage_CleanUpDialog.Title,Clean up disabled mods?,Section or dialog title on the CharactersPage component,¿Limpiar mods deshabilitados?,
Resources,CharactersPage_CleanUpDialog_Description.Text,This operation is irreversable,Static label text on the CharactersPage component,Esta operación es irreversible,
Resources,CharactersPage_GameBananaLink.Text,GameBanana,Static label text on the CharactersPage component,GameBanana,
Resources,CharactersPage_SortByLabel.Text,Sort by:,Section label for character filters or batch operations,Ordenar por:,
Resources,CharactersPage_SortCharacters_Placeholder.PlaceholderText,Sort Characters...,Section label for character filters or batch operations,Ordenar Personajes...,
Resources,CharactersPage_RefreshMods.Content,Refresh Mods,Button label to refresh/scand mod files,Refrescar Mods,
Resources,CharactersPage_Start3Dmigoto.Content,Start 3Dmigoto,Button label to launch the 3DMigoto model importer process,Iniciar 3Dmigoto,
Resources,CharactersPage_OpenXxmi.Text,Open XXMI,Button label to open the XXMI Launcher GUI for an XXMI-managed game,Abrir XXMI,
Resources,CharactersPage_XxmiRunning,Running,Button label shown while an XXMI-launched game is running,En ejecución,
Resources,CharactersPage_XxmiLaunching,Launching...,Button label shown while XXMI is launching a game,Lanzando...,
Resources,CharactersPage_XxmiLaunch,Launch {0},"Button label to launch the game through XXMI; {0} is the XXMI code (e.g. GIMI, SRMI)",Lanzar {0},
Resources,CharactersPage_BatchConfigurations.Label,Batch Configurations,Section label for character filters or batch operations,Configuraciones por Lote,
Resources,CharactersPage_EnableAll.Text,Enable all,Static label text on the CharactersPage component,Habilitar todos,
Resources,CharactersPage_DisableAll.Text,Disable all,Static label text on the CharactersPage component,Deshabilitar todos,
Resources,CharactersPage_CleanUp.Text,Clean up,Static label text on the CharactersPage component,Limpiar,
Resources,CharactersPage_ApplyPresetLabel.Text,Apply Preset:,Label for preset application status,Aplicar Preset:,
Resources,CharactersPage_AdvancedBatchConfigurations,Advanced Batch Configurations,"Batch button label shown while Alt is held, exposing advanced batch options",Configuraciones de Lote Avanzadas,
Resources,CharactersPage_BatchRepairOrphanMods.Text,Batch repair orphan mods,Advanced batch action: walk orphan mods and re-link each to its GameBanana mod,Reparar mods huérfanos en lote,
Resources,BatchRepair_Title,Repair orphan mods,Title of the batch orphan repair modal window,Reparar mods huérfanos,
Resources,BatchRepair_WindowTitle,Repair orphan mods,Window title of the batch orphan repair modal,Reparar mods huérfanos,
Resources,BatchRepair_Cancel,Cancel,Button to abort the batch repair,Cancelar,
Resources,BatchRepair_UseMod,Use this mod,Button to use the selected GameBanana search result for the current orphan mod,Usar este mod,
Resources,BatchRepair_Skip,Skip,Button to skip the current orphan mod without linking it,Omitir,
Resources,BatchRepair_PickTitle,Select the GameBanana mod for,Prefix shown above the search picker for the current orphan mod (the mod name is appended),Selecciona el mod de GameBanana para,
Resources,BatchRepair_NoOrphansTitle,No orphan mods,Notification title when there are no orphan mods to repair,Sin mods huérfanos,
Resources,BatchRepair_NoOrphansMessage,No mods are missing a GameBanana link.,Notification body when there are no orphan mods to repair,No hay mods que pierdan su enlace de GameBanana.,
Resources,BatchRepair_FailedTitle,Batch repair failed,Notification title when the batch repair crashes,Falló la reparación en lote,
Resources,BatchRepair_SummaryTitle,Batch repair finished,Notification title after the batch repair finishes,Reparación en lote terminada,
Resources,BatchRepair_SummaryMessage,"{0} repaired, {1} skipped, {2} failed.",Summary of the batch repair; {0}=repaired {1}=skipped {2}=failed,"{0} reparados, {1} omitidos, {2} fallidos.",
Resources,BatchRepair_SummaryCanceled,The batch was canceled.,Suffix appended to the summary when the batch was canceled early,El lote fue cancelado.,
Resources,BatchRepair_CharacterLabel,Character,batch orphan repair dialog label,Personaje,
Resources,BatchRepair_Working,Working,batch orphan repair busy indicator,Trabajando,
Resources,BatchRepair_FetchingInfo,Fetching mod info for {0}...,batch busy status,Obteniendo información del mod {0}...,
Resources,BatchRepair_Downloading,Downloading {0}...,batch busy status,Descargando {0}...,
Resources,BatchRepair_Extracting,Extracting {0}...,batch busy status,Extrayendo {0}...,
Resources,BatchRepair_ModLabel,Mod,batch orphan repair dialog label,Mod,
Resources,CharactersPage_ApplyPresetConfirmText,Confirm,Label for preset application status,Confirmar,
Resources,CharactersPage_StartGamePrefix,Start,"Prefix for the Start Game button. The game name is appended (e.g. ""Start Genshin Impact"")",Iniciar,
Resources,CharactersPage_TitleFormat,{0} Overview,The {0} placeholder is replaced with the character name,Resumen de {0},
Resources,CharactersPage_EnableAllDialog_Title,Enable all mods?,Text on the CharactersPage component,¿Habilitar todos los mods?,
Resources,CharactersPage_EnableAllDialog_PrimaryButtonText,Cancel,"Button label in the ""Enable All Mods"" dialog",Cancelar,
Resources,CharactersPage_EnableAllDialog_SecondaryButtonText,Confirm,"Button label in the ""Enable All Mods"" dialog",Confirmar,
Resources,CharactersPage_DisableAllDialog_Title,Disable all mods?,Text on the CharactersPage component,¿Deshabilitar todos los mods?,
Resources,CharactersPage_DisableAllDialog_PrimaryButtonText,Cancel,"Button label in the ""Disable All Mods"" dialog",Cancelar,
Resources,CharactersPage_DisableAllDialog_SecondaryButtonText,Confirm,"Button label in the ""Disable All Mods"" dialog",Confirmar,
Resources,CharactersPage_CleanUpDialog_Title,Clean up disabled mods?,Text on the CharactersPage component,¿Limpiar mods deshabilitados?,
Resources,CharactersPage_CleanUpDialog_PrimaryButtonText,Cancel,"Button label in the ""Clean Up Disabled Mods"" dialog",Cancelar,
Resources,CharactersPage_CleanUpDialog_SecondaryButtonText,Yeah man i wanna do it,"Button label in the ""Clean Up Disabled Mods"" dialog","Sí, hazlo",
Resources,CharactersPage_ModToggleSuffix,with Mods,Text on the CharactersPage component,con Mods,
Resources,CharactersPage_ModEnabledToggleSuffix,with Enabled Mods,Text on the CharactersPage component,con Mods Habilitados,
Resources,CharactersPage_ModNotificationsToggleSuffix,with Mod Notifications,Text on the CharactersPage component,con Notificaciones de Mods,
Resources,CharactersPage_SortAlphabetical_Name,Alphabetical,Section label for character filters or batch operations,Alfabético,
Resources,CharactersPage_SortModCount_Name,Mod Count,Section label for character filters or batch operations,Cant. de Mods,
Resources,CharactersPage_SortRecentlyAdded_Name,Recently Added,Section label for character filters or batch operations,Agregado Recientemente,
Resources,CharactersPage_SortReleaseDate_Name,Release Date,Section label for character filters or batch operations,Fecha de Lanzamiento,
Resources,CharactersPage_SortRarity_Name,Rarity,Section label for character filters or batch operations,Rareza,
Resources,CharactersPage_ConfirmPreset.Text,Confirm,Confirmation text when applying a preset,Confirmar,
Resources,CharactersPage_RandomizeMods.Text,Randomize Mods,Static label text on the CharactersPage component,Aleatorizar Mods,
Resources,CharactersPage_Filters.Label,Filters,Section label for character filters or batch operations,Filtros,
Resources,CharactersPage_DropHereText.Text,Drop Here to Auto Detect Mod...,Drag-and-drop hint text shown on character cards,Suelta aquí para detectar mod automáticamente...,
Resources,CharactersPage_SortAlphabetical.Text,Alphabetical,Section label for character filters or batch operations,Alfabético,
Resources,CharactersPage_SortModCount.Text,Mod Count,Section label for character filters or batch operations,Cantidad de Mods,
Resources,CharactersPage_SortRecentlyAdded.Text,Recently Added Mods,Section label for character filters or batch operations,Mods Agregados Recientemente,
Resources,CharactersPage_SortReleaseDate.Text,Release Date,Section label for character filters or batch operations,Fecha de Lanzamiento,
Resources,CharactersPage_SortRarity.Text,Rarity,Section label for character filters or batch operations,Rareza,
Resources,CharactersPage_SearchPrefix,Search,Text on the CharactersPage component,Buscar,
Resources,CharactersPage_ModToggleText,Show only,Text on the CharactersPage component,Mostrar solo,
Resources,CharactersPage_ModEnabledToggleText,Show only,Text on the CharactersPage component,Mostrar solo,
Resources,CharactersPage_ModNotificationsToggleText,Show only,Text on the CharactersPage component,Mostrar solo,
Resources,CharacterDetails_ModsSelected.Text,Mods Selected:,Shows how many mods are currently selected,Mods Seleccionados:,
Resources,CharacterDetails_MoveModsButton.Content,Move,UI for moving mods between characters,Mover,
Resources,CharacterDetails_MoveModsToAnother.Text,Move Mods To Another Character: ,UI for moving mods between characters,Mover Mods a Otro Personaje: ,
Resources,CharacterDetails_MoveModSearch.PlaceholderText,Search...,UI for moving mods between characters,Buscar...,
Resources,CharacterDetails_MoveModsSkinExpander.Header,Move Mods to another Skin,UI for moving mods between characters,Mover Mods a otro Skin,
Resources,CharacterDetails_OverrideButtonText.Text,Override,UI for managing skin overrides on this character,Sobrescribir,
Resources,CharacterDetails_OverrideSkinSetTo.Text,Override Skin Set To: ,UI for managing skin overrides on this character,Sobrescribir Skin a: ,
Resources,CharacterDetails_RunCommandExpander.Header,Run Command on this folder,Button or section for running custom commands on a mod,Ejecutar Comando en esta carpeta,
Resources,CharacterDetails_FullCommand.Text,Full Command:,Static label text on the CharacterDetails component,Comando Completo:,
Resources,CharacterDetails_WorkingDirectory.Text,Working Directory:,Static label text on the CharacterDetails component,Directorio de Trabajo:,
Resources,CharacterDetails_TargetPath.Text,'{{TargetPath}}:,Static label text on the CharacterDetails component,'{{TargetPath}}:,
Resources,CharacterDetails_RunCommand.Content,Run,Button or section for running custom commands on a mod,Ejecutar,
Resources,CharacterDetails_Loading.Text,Loading,Loading text,Cargando,
Resources,CharacterDetails_LoadingEllipsis.Text,...,Loading text,...,
Resources,CharacterDetails_MenuBar_Mods.Title,Mods,Section or dialog title on the CharacterDetails component,Mods,
Resources,CharacterDetails_AddModMenuItem.Text,Add Mod...,Static label text on the CharacterDetails component,Agregar Mod...,
Resources,CharacterDetails_AddArchiveMenuItem.Text,Add Archive...,Static label text on the CharacterDetails component,Agregar Archivo...,
Resources,CharacterDetails_RefreshModsMenuItem.Text,Refresh Mods,Menu item or button to refresh mods,Refrescar Mods,
Resources,CharacterDetails_MenuBar_Folders.Title,Folders,Section or dialog title on the CharacterDetails component,Carpetas,
Resources,CharacterDetails_OpenRootFolder.Text,Open 3Dmigoto Root folder...,Static label text on the CharacterDetails component,Abrir carpeta raíz de 3Dmigoto...,
Resources,CharacterDetails_OpenCharacterModFolder.Text,Open Character's Mod folder...,Static label text on the CharacterDetails component,Abrir carpeta de Mods del Personaje...,
Resources,CharacterDetails_OpenSelectedModFolder.Text,Open Selected Mod folder...,Static label text on the CharacterDetails component,Abrir carpeta del Mod seleccionado...,
Resources,CharacterDetails_MenuBar_View.Title,View,Section or dialog title on the CharacterDetails component,Vista,
Resources,CharacterDetails_SingleSelectToggle.Text,Single Select,"Toggle: when enabled, only one mod can be active at a time",Selección Única,
Resources,CharacterDetails_ShowModFolderNames.Text,Show 'Mod Folder Names' column,Toggle: shows/hides the mod folder name column,Mostrar columna 'Nombres de Carpeta de Mods',
Resources,CharacterDetails_MenuBar_ModPreferences.Title,Mod Preferences,Section or dialog title on the CharacterDetails component,Preferencias de Mod,
Resources,CharacterDetails_SavePreferencesToggle.Text,Save preferences for selected mod,"Toggle: saves/reads mod preferences (enabled state, order) for this mod",Guardar preferencias para el mod seleccionado,
Resources,CharacterDetails_ReadPreferencesToggle.Text,Read preferences for selected mod,"Toggle: saves/reads mod preferences (enabled state, order) for this mod",Leer preferencias para el mod seleccionado,
Resources,CharacterDetails_MultipleModsActive.Message,Multiple Mods active,Warning message shown when multiple mods are enabled simultaneously,Múltiples Mods activos,
Resources,CharacterDetails_SearchModsTextBox.PlaceholderText,Search Mods...,Placeholder text in the mod search box,Buscar Mods...,
Resources,CharacterDetails_ViewToggle.OffContent,Detailed View,Toggle switch to switch between Gallery View or Detailed View,Vista Detallada,
Resources,ModPane_SetModIniFile.Text,Set mod .ini file,Button/checkbox for managing the mod .ini file,Establecer archivo .ini del mod,
Resources,ModPane_IgnoreIniFile.Text,Ignore .ini file for this mod,Button/checkbox for managing the mod .ini file,Ignorar archivo .ini para este mod,
Resources,ModPane_ModUrl.Header,Mod Url:,Label for the mod page URL field,URL del Mod:,
Resources,ModPane_Variant.Header,Variant:,Label for the variant selector in the mod pane,Variante:,
Resources,ModPane_SearchButton.Text,Search,Button label shown on the mod URL field to search GameBanana when the URL is empty,Buscar,
Resources,ModPane_SearchButtonTooltip,Search GameBanana for this mod to re-link its URL,Tooltip for the GameBanana search button on the mod URL field,Buscar este mod en GameBanana para re-vincular su URL,
Resources,ModPane_SearchResultsTitle,Search GameBanana,Title of the GameBanana search results dialog for re-linking a mod,Buscar en GameBanana,
Resources,ModPane_UseThisMod,Use this mod,Primary button label to use the selected GameBanana search result as this mod's URL,Usar este mod,
Resources,ModPane_NoSearchResults,No results found,Notification title when a GameBanana search returns no results,No se encontraron resultados,
Resources,ModPane_NoSearchResultsMsg,Could not find any mods matching your search on GameBanana.,Notification body when a GameBanana search returns no results,No se pudo encontrar ningún mod que coincida con tu búsqueda en GameBanana.,
Resources,ModPane_SearchError,Search failed,Notification title when a GameBanana search fails,Error de búsqueda,
Resources,ModPane_FailedSwitchVariant,Failed to switch variant,Notification when switching the active variant failed,Error al cambiar de variante,
Resources,ModPane_FailedRenameVariant,Failed to rename variant,Notification when renaming a variant failed,Error al cambiar el nombre de la variante,
Resources,ModPane_RenameVariant.Header,Rename variant:,Header for the variant rename text box,Cambiar nombre de la variante:,
Resources,ModPane_RenameVariantButton.ToolTipService.ToolTip,Rename variant,Tooltip for the pencil button that starts renaming a variant,Cambiar nombre de la variante,
Resources,ModPane_RenameVariantSaveButton.ToolTipService.ToolTip,Save name,Tooltip for the button that confirms a variant rename,Guardar nombre,
Resources,ModPane_RenameVariantCancelButton.ToolTipService.ToolTip,Cancel,Tooltip for the button that cancels a variant rename,Cancelar,
Resources,ModPane_DownloadingMod,Downloading mod,Notification title while downloading the mod from GameBanana to re-link it,Descargando mod,
Resources,ModPane_DownloadingModMsg,"An update is available, downloading the mod from GameBanana...",Notification body while downloading the mod from GameBanana to re-link it,"Hay una actualización disponible, descargando el mod de GameBanana...",
Resources,ModPane_SearchBoxPlaceholder,Edit the search terms...,Placeholder for the editable search terms field in the GameBanana search dialog,Edita los términos de búsqueda...,
Resources,ModPane_SearchNoResultsInline,No mods found. Adjust the search terms above and search again.,Inline message shown in the search dialog when the current search returns no mods,No se encontraron mods. Ajusta los términos de búsqueda y busca de nuevo.,
Resources,ModPane_AlwaysRedownload,Force mod redownload,Checkbox in the search dialog: always run the download/install flow for the selected mod,Forzar redescarga del mod,
Resources,ModPane_LikelyUpdateTooltip,"This is a newer file version, your mod will be updated if associated",Tooltip on the update icon in search results (this result likely has a newer version),Esta es una versión de archivo más reciente; tu mod se actualizará si lo asocias,
Resources,ModPane_RefetchTooltip,Refetch mod info from GameBanana,Alt + URL refetch button tooltip,Volver a obtener la información del mod de GameBanana,
Resources,ModInstaller_AssociateMod,Associate this mod,"Primary button label in the ModInstaller ""associate"" mode that only writes the mod's metadata to its settings",Asociar este mod,
Resources,ModPane_ForwardKey.Header,Forward Key,Label for key swap configuration fields,Tecla Adelante,
Resources,ModPane_Variations.Text,Variations: ,Section for mod variation options,Variaciones: ,
Resources,ModPane_BackwardKey.Header,Backward Key,Label for key swap configuration fields,Tecla Atrás,
Resources,ModPane_KeySwapDisabled.Text,Key swap management is disabled for this mod,Label: key swaps disabled for this mod,La gestión de intercambio de teclas está deshabilitada para este mod,
Resources,ModPane_SaveButtonText.Text,Save,Button to save mod settings,Guardar,
Resources,ModPane_ModEnabled.Text,Mod Enabled,Toggle: enable/disable this mod,Mod Habilitado,
Resources,ModPane_OpenModFolder.Content,Open Mod Folder...,Button to open the mod folder,Abrir Carpeta del Mod...,
Resources,PresetPage_AutoSyncWarning.Text,Auto sync not enabled! Remember to manually reload 3Dmigoto config when doing changes,Toggle: auto-sync mod preferences,¡Sincronización automática no habilitada! Recuerda recargar manualmente la configuración de 3Dmigoto al hacer cambios,
Resources,PresetPage_ApplyPresetButton.Content,Apply Preset,Button to apply or confirm a preset,Aplicar Preset,
Resources,PresetPage_ApplyConfirm.Content,Confirm,Button to apply or confirm a preset,Confirmar,
Resources,PresetPage_ResetConfirm.Content,Confirm,Button to apply or confirm a preset,Confirmar,
Resources,PresetPage_PageTitle.Text,Mod Presets and Mod Preferences,Static label text on the PresetPage component,Mod Presets y Preferencias de Mod,
Resources,PresetPage_NewPresetName.Header,New Preset Name,Placeholder/label for new preset name,Nuevo Nombre de Preset,
Resources,PresetPage_CreatePresetButton.Content,Save active mod preferences and create new preset,Button to create a new preset,Guardar preferencias activas de mod y crear nuevo preset,
Resources,PresetPage_CreateEmptyPreset.Content,Create as an empty preset,Button to create a new preset,Crear como un preset vacío,
Resources,PresetPage_AutoSyncPreferences.Content,Auto sync Mod Preferences when switching presets,Toggle: auto-sync mod preferences,Sincronización automática de Preferencias de Mod al cambiar de preset,
Resources,PresetPage_SaveActivePreferencesButton.Content,Save active mod preferences (KeySwaps) to mods,Button to save current mod states as preferences,Guardar preferencias activas de mod (KeySwaps) en los mods,
Resources,PresetPage_ApplySavedPreferencesButton.Content,Apply saved mod preferences (KeySwaps),Button to apply or confirm a preset,Aplicar preferencias guardadas de mod (KeySwaps),
Resources,PresetPage_ShowManualControls.Content,Show Manual controls,Button to show manual controls,Mostrar controles manuales,
Resources,PresetPage_EnabledModsCount.Text,Preset Enabled Mods Count:,Static label text on the PresetPage component,Conteo de Mods Habilitados del Preset:,
Resources,PresetPage_CreatedAt.Text,Created at:,Button to create a new preset,Creado el:,
Resources,PresetPage_GoToPresetDetails.Content,Go to Preset Details,Button or toggle label on the PresetPage component,Ir a Detalles del Preset,
Resources,PresetPage_ReadOnlyMenuItem.Text,Read Only,Toggle: mark preset as read-only,Solo Lectura,
Resources,PresetPage_DuplicateMenuItem.Text,Duplicate,Context menu: duplicate preset,Duplicar,
Resources,PresetPage_DeleteMenuItem.Text,Delete,Context menu: delete preset,Eliminar,
Resources,PresetPage_RandomizeModsButton.Content,Randomize Mods,Button to open the randomize mods dialog,Aleatorizar Mods,
Resources,PresetPage_ResetModPreferencesButton.Content,Reset Mod Preferences,Button to reset mod preferences,Restablecer Preferencias de Mod,
Resources,PresetPage_ResetPreferencesDialogText.Text,Reset persisted mod preferences,Static label text on the PresetPage component,Restablecer preferencias de mod persistidas,
Resources,PresetPage_ResetOnlyEnabledMods.Content,Reset only for enabled Mods,Button to reset mod preferences,Restablecer solo para Mods habilitados,
Resources,PresetPage_AlsoReset3DMigoto.Content,Also clear preferences in to 3Dmigoto user ini,Button to reset mod preferences,También limpiar preferencias en el ini de usuario de 3Dmigoto,
Resources,PresetPage_RenameText,Rename,Button/dialog for renaming a preset,Renombrar,
Resources,PresetPage_ConfirmText,Save New Name,Button to apply or confirm a preset,Guardar Nuevo Nombre,
Resources,ModInstallerPage_SetModPreviewImage.Text,Set mod preview image,UI for setting a custom preview image,Establecer imagen de vista previa del mod,
Resources,ModInstallerPage_SetRootModFolder.Text,Set Root Mod Folder,Button to select a folder path,Establecer Carpeta Raíz del Mod,
Resources,ModInstallerPage_SetShaderFixesFolder.Text,Set ShaderFixes Folder,Radio button: shader fixes folder mode (Auto/Ignore/Manual),Establecer Carpeta de ShaderFixes,
Resources,ModInstallerPage_DuplicateModDialog.Title,A folder with the same name exists,Warning dialog about already-installed mod,Ya existe una carpeta con el mismo nombre,
Resources,ModInstallerPage_DuplicateModDialog.CloseButtonText,Cancel,Cancel/dismiss button in a dialog,Cancelar,
Resources,ModInstallerPage_DuplicateInfoBar.Message,"1. You can choose to overwrite the old mod, deleting it.
Or
2. You can rename either the new or the old mod",Informational message on the ModInstallerPage component,"1. Puedes sobrescribir el mod antiguo eliminándolo.
O
2. Puedes renombrar el mod nuevo o el antiguo",
Resources,ModInstallerPage_NewModLabel.Text,New Mod:,Section heading text,Nuevo Mod:,
Resources,ModInstallerPage_NewModCustomName.Header,Custom name,Label for the custom display name input,Nombre personalizado,
Resources,ModInstallerPage_NewModFolderName.Header,Folder name,Label for the mod folder name input,Nombre de carpeta,
Resources,ModInstallerPage_OtherModLabel.Text,Other Mod:,Section heading text,Otro Mod:,
Resources,ModInstallerPage_OtherModCustomName.Header,Custom name,Label for the custom display name input,Nombre personalizado,
Resources,ModInstallerPage_OtherModFolderName.Header,Folder name,Label for the mod folder name input,Nombre de carpeta,
Resources,ModInstallerPage_OpenExistingModFolder.Text,Open existing mod folder...,Static label text on the ModInstallerPage component,Abrir carpeta de mod existente...,
Resources,ModInstallerPage_OverwriteExistingMod.Content,Overwrite existing mod,Checkbox: overwrite if a mod with this name already exists,Sobrescribir mod existente,
Resources,ModInstallerPage_ReplaceInPresets.Text,Replace duplicate mod in presets with new mod,Checkbox: replace old mod in presets with this new version,Reemplazar mod duplicado en presets con el nuevo mod,
Resources,ModInstallerPage_RetrieveModInfo.Text,Retrieve mod info from the mod page,Static label text on the ModInstallerPage component,Obtener información del mod desde la página del mod,
Resources,ModInstallerPage_ModPageUrl.Header,Mod page url,Label/placeholder for the GameBanana mod page URL,URL de la página del mod,
Resources,ModInstallerPage_ModPageUrl.PlaceholderText,Paste URL to auto populate fields (GameBanana only),Label/placeholder for the GameBanana mod page URL,Pegue la URL para auto completar campos (solo GameBanana),
Resources,ModInstallerPage_ModCustomName.Header,Mod Custom Name,Label for the custom display name input,Nombre Personalizado del Mod,
Resources,ModInstallerPage_ModCustomName.PlaceholderText,Custom Name displayed throughout JASM+,Label for the custom display name input,Nombre personalizado mostrado en JASM+,
Resources,ModInstallerPage_Author.Header,Author,Label for the mod author field,Autor,
Resources,ModInstallerPage_Note.Header,Note,Label/placeholder for a free-text note about this mod,Nota,
Resources,ModInstallerPage_Note.PlaceholderText,"Custom free text note, shown in grid on character details page",Label/placeholder for a free-text note about this mod,"Nota de texto libre personalizada, mostrada en la cuadrícula en la página de detalles del personaje",
Resources,ModInstallerPage_ModFolderLabel.Text,ModFolder:,Section heading text,CarpetaMod:,
Resources,ModInstallerPage_RootFolderHint.Text,"This is usually the folder that contains the 'merged.ini/Script.ini' or '.JASM_ModConfig.json'. JASM+ will automatically detect the mod folder and the merged.ini file. If you want to manually select the mod folder, you can do so by right clicking the folder in the overview above.",Static label text on the ModInstallerPage component,"Esta suele ser la carpeta que contiene 'merged.ini/Script.ini' o '.JASM_ModConfig.json'. JASM+ detectará automáticamente la carpeta de mods y el archivo merged.ini. Si desea seleccionar manualmente la carpeta de mods, puede hacerlo haciendo clic derecho en la carpeta en la vista general arriba.",
Resources,ModInstallerPage_PreviewImageHint.Text,You can also manually select image file for the mod preview image. It's usually fine to just press 'Add Mod',UI for setting a custom preview image,También puede seleccionar manualmente un archivo de imagen para la imagen de vista previa del mod. Generalmente está bien solo presionar 'Agregar Mod',
Resources,ModInstallerPage_PreviewImageSourceLabel.Text,Preview Image Source:,Section heading text,Fuente de Imagen de Vista Previa:,
Resources,ModInstallerPage_ImageSourceAuto.Content,Auto,Radio button: preview image source (Auto/URL/ModFiles/Ignore),Automático,
Resources,ModInstallerPage_ImageSourceUrl.Content,Url,Radio button: preview image source (Auto/URL/ModFiles/Ignore),URL,
Resources,ModInstallerPage_ImageSourceModFiles.Content,Mod Files,Radio button: preview image source (Auto/URL/ModFiles/Ignore),Archivos del Mod,
Resources,ModInstallerPage_ImageSourceIgnore.Content,Ignore,Radio button: preview image source (Auto/URL/ModFiles/Ignore),Ignorar,
Resources,ModInstallerPage_SelectRootFolderHint.Text,Here you can select the root of the mod folder.,Static label text on the ModInstallerPage component,Aquí puedes seleccionar la raíz de la carpeta del mod.,
Resources,ModInstallerPage_ModFolderDescription.Text,"This is usually the folder that contains the 'merged.ini/Script.ini' or '.JASM_ModConfig.json'. JASM+ will automatically detect the mod folder and the merged.ini file. If you want to manually select the mod folder, you can do so by right clicking the folder in the overview above. ",Static label text on the ModInstallerPage component,"Esta es usualmente la carpeta que contiene el 'merged.ini/Script.ini' o '.JASM_ModConfig.json'. JASM+ detectará automáticamente la carpeta del mod y el archivo merged.ini. Si deseas seleccionar manualmente la carpeta del mod, puedes hacerlo haciendo clic derecho en la carpeta en la vista general de arriba.",
Resources,ModInstallerPage_ManualImageSelectionHint.Text,You can also manually select image file for the mod preview image. It's usually fine to just press 'Add Mod',Instruction for manual image selection,También puedes seleccionar manualmente un archivo de imagen para la vista previa del mod. Generalmente es suficiente con presionar 'Agregar Mod'.,
Resources,ModInstallerPage_ForceOverwriteDifferentNameMod.Content,Force Overwrite Different Name Mod?,Checkbox: overwrite old mod even if folder names differ,¿Forzar Sobrescritura de Mod con Nombre Diferente?,
Resources,ModInstallerPage_ReplaceInPresetsMain.Text,Replace duplicate mod in presets with new mod,Checkbox: replace old mod in presets with this new version,Reemplazar mod duplicado en presets con el nuevo mod,
Resources,ModInstallerPage_MergedIniFileFolderLabel.Text,MergedIniFile Folder:,Section heading text,Carpeta de MergedIniFile:,
Resources,ModInstallerPage_ShaderFixesFolderLabel.Text,ShaderFixes Folder:,Section heading text,Carpeta de ShaderFixes:,
Resources,ModInstallerPage_ShaderFixesAuto.Content,Auto,Radio button: shader fixes folder mode (Auto/Ignore/Manual),Automático,
Resources,ModInstallerPage_ShaderFixesManualSelect.Content,Manual Select,Radio button: shader fixes folder mode (Auto/Ignore/Manual),Selección Manual,
Resources,ModInstallerPage_ShaderFixesIgnore.Content,Ignore,Radio button: shader fixes folder mode (Auto/Ignore/Manual),Ignorar,
Resources,ModInstallerPage_EnableOnlyMod.Content,Enable this mod and disable others?,"Checkbox: disable all other mods, only enable this one",¿Habilitar este mod y deshabilitar otros?,
Resources,ModInstallerPage_AddModButton.Content,Add Mod,Button to finish installing the mod,Agregar Mod,
Resources,ModInstallerPage_InstallSkinLabel.Text,Install in Skin:,Label for the skin selector dropdown on the Mod Installer page,Instalar en Skin:,
Resources,CharacterGalleryPage_SelectSkin.Content,Select Skin,Menu item to select a character skin,Seleccionar Skin,
Resources,CharacterGalleryPage_SortBy.Text,Sort by:,Sort option label,Ordenar por:,
Resources,CharacterGalleryPage_SortMods.PlaceholderText,Sort Mods...,Sort option label,Ordenar Mods...,
Resources,CharacterGalleryPage_SortDateAdded.Content,Date Added,Sort option label,Fecha Agregado,
Resources,CharacterGalleryPage_SortFolderName.Content,Folder Name,Sort option label,Nombre de Carpeta,
Resources,CharacterGalleryPage_SortName.Content,Name,Sort option label,Nombre,
Resources,CharacterGalleryPage_ViewButton.Text,View,Static label text on the CharacterGalleryPage component,Ver,
Resources,CharacterGalleryPage_AdjustHeight.Text,Adjust Height:,Static label text on the CharacterGalleryPage component,Ajustar Altura:,
Resources,CharacterGalleryPage_AdjustDesiredWidth.Text,Adjust Desired Width:,Static label text on the CharacterGalleryPage component,Ajustar Ancho Deseado:,
Resources,CharacterGalleryPage_SingleSelect.ToolTip,Selecting this will only allow one mod to be enabled at a time.,Toggle/tooltip: restrict to one active mod per character,Seleccionar esto solo permitirá que un mod esté habilitado a la vez.,
Resources,CharacterGalleryPage_SearchMods.PlaceholderText,Search Mods...,Placeholder text in the mod search box,Buscar Mods...,
Resources,CharacterGalleryPage_ViewToggleSwitch.OnContent,Gallery View,Toggle switch for Gallery View / Detailed View,Vista Galería,
Resources,CharacterGalleryPage_ViewToggleSwitch.OffContent,Detailed View,Toggle switch for Gallery View / Detailed View,Vista Detallada,
Resources,CharacterGalleryPage_SingleSelect.Content,Single Select,Toggle/tooltip: restrict to one active mod per character,Selección Única,
Resources,CharacterGalleryPage_SaveImage.Text,Save Image,Context menu item for mod operations,Guardar Imagen,
Resources,CharacterGalleryPage_OpenModFolder.Text,Open Mod Folder...,Context menu item for mod operations,Abrir Carpeta del Mod...,
Resources,CharacterGalleryPage_OpenModPage.Text,Open Mod Page...,Context menu item for mod operations,Abrir Página del Mod...,
Resources,CharacterGalleryPage_DeleteMod.Text,Delete Mod,Context menu item for mod operations,Eliminar Mod,
Resources,CharacterGalleryPage_Author.Text,Author:,Static label text on the CharacterGalleryPage component,Autor:,
Resources,CharacterGalleryPage_Added.Text,Added:,Static label text on the CharacterGalleryPage component,Agregado:,
Resources,CharacterGalleryPage_LoadingMods.Text,Loading Mods...,Static label text on the CharacterGalleryPage component,Cargando Mods...,
Resources,ModsOverviewPage_Title.Text,Mods Overview,Static label text on the ModsOverviewPage component,Visión General de Mods,
Resources,ModsOverviewPage_RunCommandOnThisFolder.Text,Run Command on this folder:,Static label text on the ModsOverviewPage component,Ejecutar Comando en esta carpeta:,
Resources,ModsOverviewPage_FullCommand.Text,Full Command:,Label showing command path/directory details,Comando Completo:,
Resources,ModsOverviewPage_WorkingDirectory.Text,Working Directory:,Label showing command path/directory details,Directorio de Trabajo:,
Resources,ModsOverviewPage_TargetPath.Text,'{{TargetPath}}:,Label showing command path/directory details,'{{TargetPath}}:,
Resources,ModsOverviewPage_GoToCharacter.Content,Go to Character,Button to navigate to this character,Ir al Personaje,
Resources,ModsOverviewPage_AddedLabel.Text,Added:,Label showing when the mod was added,Agregado:,
Resources,ModsOverviewPage_RunButton.Content,Run,Button to run a command on this mod folder,Ejecutar,
Resources,ModsOverviewPage_SearchBox.PlaceholderText,Press Enter to search...,Placeholder text in the mod search box,Presiona Enter para buscar...,
Resources,ModsOverviewPage_CloseAll.Content,Close All,Button to close all expanded mod panels,Cerrar Todos,
Resources,PresetDetailsPage_AddMod.Label,Add Mod,Button to add a mod to this preset,Agregar Mod,
Resources,PresetDetailsPage_FindReplacementMod.Text,Find Replacement Mod,Button to find a replacement for a missing mod,Buscar Mod de Reemplazo,
Resources,PresetDetailsPage_SearchBox.PlaceholderText,Search Mods...,Placeholder text in mod search box,Buscar Mods...,
Resources,PresetDetailsPage_ReadAndSavePreferences.Text,Read and Save Preferences,Description text for the read/save preferences UI,Leer y Guardar Preferencias,
Resources,PresetDetailsPage_RemoveModFromPreset.Text,Remove Mod From Preset,Button to remove mod from preset,Eliminar Mod del Preset,
Resources,PresetDetailsPage_AddedToPresetAt.Text,Added To Preset At:,Static label text on the PresetDetailsPage component,Agregado al Preset el:,
Resources,PresetDetailsPage_ModNotFound.Text,This mod could not be found on disk!,Warning: mod in preset not found,¡Este mod no se encontró en el disco!,
Resources,PresetDetailsPage_OriginalPath.Text,Original Path:,Static label text on the PresetDetailsPage component,Ruta Original:,
Resources,CharacterCard_TrackedMods.Text,Tracked Mods:,Displays mod count or selected skin info on the character card,Mods Rastreados:,
Resources,CharacterCard_SelectedInGameSkin.Text,Selected In-Game Skin:,Displays mod count or selected skin info on the character card,Skin Seleccionado en el Juego:,
Resources,CharacterCard_SelectSkin.Content,Select Skin,Menu item to select a character skin,Seleccionar Skin,
Resources,CharacterCard_DisableAllMods.Content,Disable All Mods,Button title to disable all mods for this character,Deshabilitar Todos los Mods,
Resources,ModListOverview_ModsMenu.Title,Mods,Section or dialog title on the ModListOverview component,Mods,
Resources,ModListOverview_AddMod.Text,Add Mod...,Button to add a mod,Agregar Mod...,
Resources,ModListOverview_MultipleSkinWarning.Message,More than one skin selected,Warning: multiple mods enabled for this character,Más de un skin seleccionado,
Resources,ModListOverview_ModEnabledHeader.Header,ModEnabled,Table column header for enabled/disabled status,ModHabilitado,
Resources,ModListOverview_ModNameHeader.Header,Mod Name,Table column header for mod name,Nombre del Mod,
Resources,DebugPage_CreateButton.Content,Create,Button label on the Debug page,Crear,
Resources,DebugPage_EditButton.Content,Edit,Button label on the Debug page,Editar,
Resources,DebugPage_DeleteButton.Content,Delete,Button label on the Debug page,Eliminar,
Resources,NotificationsPage_HeaderText.Text,All Notifications shown during the current application run,Page title for the notifications page,Todas las Notificaciones mostradas durante la ejecución actual de la aplicación,
Resources,NotificationsPage_LogPathLabel.Text,Notifications and Logs are written to:,Label showing the log file path,Las Notificaciones y Registros se escriben en:,
Resources,ErrorWindow_ErrorHeaderText.Text,An error has occurred: ,Main heading in the error window,Ha ocurrido un error: ,
Resources,ErrorWindow_ExceptionDescription.Text,"An unhanded exception has occurred. The application ran into a problem that it didn't know how to handle. JASM+ may be in an unstable state, and it is recommended to restart JASM+.",Description text explaining the error,"Ha ocurrido una excepción no controlada. La aplicación encontró un problema que no supo cómo manejar. JASM+ puede estar en un estado inestable, y se recomienda reiniciar JASM+.",
Resources,ErrorWindow_StackTraceLabel.Text,Stack trace:,Label for the stack trace section in the error window,Traza de pila:,
Resources,ErrorWindow_InnerExceptionLabel.Text,An inner exception,Label for the inner exception stack trace,Una excepción interna,
Resources,ErrorWindow_InnerStackTraceLabel.Text,Stack trace:,Label for the stack trace section in the error window,Traza de pila:,
Resources,GbModPageWindow_TitleText.Text,Download Mods from GameBanana,Window title,Descargar Mods desde GameBanana,
Resources,GbModPageWindow_LoadingText.Text,Loading Mod Info from GameBanana...,Loading indicator text,Cargando Información del Mod desde GameBanana...,
Resources,GbModPageWindow_DownloadButton.Content,Download,Button to download the mod file,Descargar,
Resources,GbModPageWindow_InstallButton.Content,Install,Button to install the mod,Instalar,
Resources,GbModPageWindow_DownloadVariantsButton.Content,Download,Button to batch-download the selected files as variants,Descargar,
Resources,GbModPageWindow_InstallAsVariantsButton.Content,Multi Install,Button to enter multi-install selection mode,Multi instalación,
Resources,InstallingAsAddonLabel.Text,Installing as addon,Label on a multi-install file nested under another as an add-on,Instalando como addon,
Resources,DetachDropZoneHint.Text,Drop here to detach,Hint on the multi-install drop lane for detaching nested add-on files,Suelta aquí para separar,
Resources,DropToNestHint.Text,Drop to nest as addon,Hint shown on a multi-install file hovered as a drop target for nesting,Soltar para anidar como addon,
Resources,CancelButton.Text,Cancel,Cancel button text (exits multi-install selection mode),Cancelar,
Resources,GbModPageWindow_CloseButton.Content,Close,Button to close the window,Cerrar,
Resources,GbModPageWindow_ModPageLabel.Text,Mod Page:,Label showing the mod page URL,Página del Mod:,
Resources,GbModPageWindow_DownloadsButton.Content,Downloads,Button to download the mod file,Descargas,
Resources,CharacterManagerPage_Title.Text,Character Manager,Static label text on the CharacterManagerPage component,Administrador de Personajes,
Resources,CharacterManagerPage_SearchBox.Header,Search for a character to edit or add a new character,Placeholder or label for the character search box,Busca un personaje para editar o agregar uno nuevo,
Resources,CharacterManagerPage_SearchBox.PlaceholderText,Start typing to search...,Placeholder or label for the character search box,Empieza a escribir para buscar...,
Resources,CharacterManagerPage_SearchBox_Placeholder,Start typing to search...,Placeholder or label for the character search box,Empieza a escribir para buscar...,
Resources,CharacterManagerPage_AddCharacterButton.ToolTip,Add new character,Tooltip explanation on the CharacterManagerPage component,Agregar nuevo personaje,
Resources,ModSelector_Title.Text,Select Mods,Title of the mod selector window,Seleccionar Mods,
Resources,ModSelector_SearchBox.PlaceholderText,Search Mods...,Placeholder text in the search box,Buscar Mods...,
Resources,ModSelector_DateAdded.Text,Date Added:,Static label text on the ModSelector component,Fecha Agregado:,
Resources,ModSelector_SelectModButton.Content,Select Mod,Button to confirm mod selection,Seleccionar Mod,
Resources,ModUpdateAvailableWindow_Title.Text,New Downloadable Files Found,Window title,Nuevos Archivos Descargables Encontrados,
Resources,ModUpdateAvailableWindow_LoadingText.Text,Loading Mod Info from GameBanana...,Loading indicator text,Cargando Información del Mod desde GameBanana...,
Resources,ModUpdateAvailableWindow_NewSinceLastCheck.Text,New since last check,Text showing update check time,Nuevo desde la última revisión,
Resources,ModUpdateAvailableWindow_DownloadButton.Content,Download,Button to download the mod file,Descargar,
Resources,ModUpdateAvailableWindow_InstallButton.Content,Install,Button to install the mod,Instalar,
Resources,ModUpdateAvailableWindow_DownloadVariantsButton.Content,Download,Button to batch-download the selected files as variants,Descargar,
Resources,ModUpdateAvailableWindow_InstallAsVariantsButton.Content,Multi Install,Button to enter multi-install selection mode,Multi instalación,
Resources,ModUpdateAvailableWindow_IgnoreCloseButton.Content,Ignore and Close,Button to close the window,Ignorar y Cerrar,
Resources,ModUpdateAvailableWindow_LastCheck.Text,Last Check:,Text showing update check time,Última Revisión:,
Resources,ModUpdateAvailableWindow_ModPageLabel.Text,Mod Page:,Label showing the mod page URL,Página del Mod:,
Resources,ModUpdateAvailableWindow_DownloadsButton.Content,Downloads,Button to download the mod file,Descargas,
Resources,Settings_Window.Text,Window,Static label text on the Settings component,Ventana,
Resources,Settings_WindowSize.Content,Remember window size,Button/toggle label in Settings page,Recordar tamaño de ventana,
Resources,Settings_WindowPosition.Content,Remember window position,Button/toggle label in Settings page,Recordar posición de ventana,
Resources,Settings_Commands.Text,Commands,Static label text on the Settings component,Comandos,
Resources,Settings_CreateCustomCommands.Header,Create Custom Commands,Form field label in Settings page,Crear Comandos Personalizados,
Resources,Settings_CreateCustomCommands.Description,Commands (scripts) can be defined and then be run on specified mods,Descriptive text on the Settings component,Se pueden definir comandos (scripts) para ejecutarlos en mods específicos,
Resources,Settings_FolderWarning_No3DMigotoEntry,Folder does not contain any entry with the specified names:,Text on the Settings component,La carpeta no contiene ninguna entrada con los nombres especificados:,
Resources,Settings_Notification_ErrorTitle,Error,Text on the Settings component,Error,
Resources,Settings_Notification_SuccessTitle,Success,Text on the Settings component,Éxito,
Resources,Settings_Notification_UpdatingTitle,Updating...,Text on the Settings component,Actualizando...,
Resources,Settings_Notification_RestartingTitle,Restarting...,Text on the Settings component,Reiniciando...,
Resources,Settings_CommunityGames_EmptyUrl,Community Repo URL cannot be empty.,Text on the Settings component,La URL del repositorio comunitario no puede estar vacía.,
Resources,Settings_CommunityGames_Pulling,Pulling latest community games. This might take a moment.,Text on the Settings component,Obteniendo juegos comunitarios. Esto puede tomar un momento.,
Resources,Settings_CommunityGames_Updated,Community games updated and verified successfully.,Text on the Settings component,Juegos comunitarios actualizados y verificados correctamente.,
Resources,Settings_CommunityGames_IntegrityFailed,Integrity check failed. Check if repo matches expected structure.,Text on the Settings component,Error de integridad. Verifique si el repositorio coincide con la estructura esperada.,
Resources,Settings_CommunityGames_UpdateFailed,Failed to update community games.,Text on the Settings component,Error al actualizar los juegos comunitarios.,
Resources,Settings_CommunityGames_ExceptionPulling,Exception occurred while pulling repo. Check logs.,Text on the Settings component,Ocurrió una excepción al obtener el repositorio. Revise los registros.,
Resources,Settings_Restart_Restarting,The application will restart now.,Text on the Settings component,La aplicación se reiniciará ahora.,
Resources,Settings_Restart_SettingsSaved,Settings saved. Restarting App...,Text on the Settings component,Configuración guardada. Reiniciando la aplicación...,
Resources,Settings_Mods_ReorganizeFailed,Mods reorganization failed.,Text on the Settings component,Error al reorganizar los mods.,
Resources,Settings_Mods_Reorganized,Mods reorganized.,Text on the Settings component,Mods reorganizados.,
Resources,Settings_SeeLogs,See logs for more details.,Text on the Settings component,Consulte los registros para más detalles.,
Resources,Settings_ModsMovedMsg,Moved {0} mods to character folders,The {0} placeholder is replaced with the mod name or count,Se movieron {0} mods a carpetas de personaje,
Resources,Settings_Export_ModsExported,Mods exported,Text on the Settings component,Mods exportados,
Resources,Settings_Export_ModsExportedTo,Mods exported to {0},The {0} placeholder is replaced with the mod name or count,Mods exportados a {0},
Resources,Settings_Export_ErrorExporting,Error exporting mods,Text on the Settings component,Error al exportar mods,
Resources,Commands_Notification_FailedKillTitle,Failed to kill process,Notification about command creation/update/deletion,Error al terminar el proceso,
Resources,Commands_Notification_NotRunningTitle,Process is not running,Notification about command creation/update/deletion,El proceso no está ejecutándose,
Resources,Commands_Notification_KilledTitle,Process killed successfully,Notification about command creation/update/deletion,Proceso terminado exitosamente,
Resources,Commands_Notification_NotFoundTitle,Failed to get command,Notification about command creation/update/deletion,Error al obtener el comando,
Resources,Commands_Notification_NotFoundMessage,Command not found,Notification about command creation/update/deletion,Comando no encontrado,
Resources,Commands_Notification_FailedDeleteTitle,Failed to delete command,Notification about command creation/update/deletion,Error al eliminar el comando,
Resources,Commands_Notification_DeletedTitle,Command '{0}' deleted successfully,The {0} placeholder is replaced with the command name,Comando '{0}' eliminado exitosamente,
Resources,CreateCommand_Notification_UpdatedTitle,Command '{0}' updated successfully.,The {0} placeholder is replaced with the command name,Comando '{0}' actualizado exitosamente.,
Resources,CreateCommand_Notification_CreatedTitle,Command '{0}' created successfully.,The {0} placeholder is replaced with the command name,Comando '{0}' creado exitosamente.,
Resources,CreateCommand_Notification_UpdateFailed,Failed to update command.,Notification about command creation/update/deletion,Error al actualizar el comando.,
Resources,CreateCommand_Notification_CreateFailed,Failed to create command.,Notification about command creation/update/deletion,Error al crear el comando.,
Resources,Settings_Notification_ModsExportedToFormat,Mods exported to {0},The {0} placeholder is replaced with the mod name or count,Mods exportados a {0},
Resources,Settings_Export_ModsExportedToFormat,Mods exported to {0},The {0} placeholder is replaced with the mod name or count,Mods exportados a {0},
Resources,Settings_ClearEmptyFolders_Title,Clear Empty Folders,Text in a settings confirmation dialog,Limpiar Carpetas Vacías,
Resources,Settings_ClearEmptyFolders_Content,"This will delete all empty folders in a character's modList if the folder is empty or only contains .JASM_ files/folders
If a character folder is empty then it will be deleted as well.
Empty folders in the root of the Mods folder will also be deleted",Text in a settings confirmation dialog,"Esto eliminará todas las carpetas vacías en la lista de mods de un personaje si la carpeta está vacía o solo contiene archivos/carpetas .JASM_
Si una carpeta de personaje está vacía, también se eliminará.
Las carpetas vacías en la raíz de la carpeta Mods también se eliminarán",
Resources,Settings_ClearEmptyFolders_PrimaryButton,Delete,"Button label in the ""Clear Empty Folders"" dialog",Eliminar,
Resources,Settings_ClearEmptyFolders_CloseButton,Cancel,Text on the Settings component,Cancelar,
Resources,Settings_ClearEmptyFolders_NotificationTitle,Empty folders deleted,Text on the Settings component,Carpetas vacías eliminadas,
Resources,Settings_DisableAllMods_Title,Disable Mods,Text in a settings confirmation dialog,Deshabilitar Mods,
Resources,Settings_DisableAllMods_PrimaryButton,Disable Mods in Categories,"Button label in the ""Disable All Mods"" dialog",Deshabilitar Mods en Categorías,
Resources,Settings_DisableAllMods_CloseButton,Cancel,Text on the Settings component,Cancelar,
Resources,Settings_DisableAllMods_SelectText,Select the categories you want to disable mods for:,Text on the Settings component,Selecciona las categorías para las que deseas deshabilitar mods:,
Resources,Settings_DisableAllMods_SuggestionText,"I suggest creating a preset (or a backup) of your mods before disabling mods if you have a lot of enabled mods.

Only mods tracked by JASM+ will be disabled within the selected categories",Text on the Settings component,"Sugiero crear un preset (o una copia de seguridad) de tus mods antes de deshabilitarlos si tienes muchos mods habilitados.

Solo los mods rastreados por JASM+ se deshabilitarán dentro de las categorías seleccionadas",
Resources,Settings_DisableAllMods_NoCategoriesTitle,No categories selected,Text on the Settings component,Ninguna categoría seleccionada,
Resources,Settings_DisableAllMods_NoCategoriesMessage,No categories were selected to disable mods.,Text on the Settings component,No se seleccionaron categorías para deshabilitar mods.,
Resources,Settings_DisableAllMods_SuccessTitle,Mods disabled,Text on the Settings component,Mods deshabilitados,
Resources,Settings_DisableAllMods_SuccessMessage,All tracked mods have been disabled for the selected categories: {0},The {0} placeholder is replaced with the mod name or count,Todos los mods rastreados han sido deshabilitados para las categorías seleccionadas: {0},
Resources,Settings_DisableAllMods_ErrorsTitle,Errors while disabling mods,Text on the Settings component,Errores al deshabilitar mods,
Resources,Settings_UpdateButton.Content,Update,Button/toggle label in Settings page,Actualizar,
Resources,Settings_ReorganizeMods.Content,Reorganize Mods,Button/toggle label in Settings page,Reorganizar Mods,
Resources,Settings_CleanMods.Content,Clean Mods folder,Button/toggle label in Settings page,Limpiar carpeta de Mods,
Resources,Settings_DisableAllMods.Content,Disable All Mods,Button/toggle label in Settings page,Deshabilitar Todos los Mods,
Resources,Settings_Reset3DmigotoPath.Content,Reset 3Dmigoto Exe Path,Button/toggle label in Settings page,Restablecer Ruta de 3Dmigoto,
Resources,Settings_ResetGenshinPath.Content,Reset Genshin Exe Path,Button/toggle label in Settings page,Restablecer Ruta de Genshin,
Resources,Settings_SkinsAsCharacters.Content,Treat Character Skins as separate characters,Button/toggle label in Settings page,Tratar Skins de Personajes como personajes separados,
Resources,Settings_CacheDescription.Text,"When using JASM+ to download mods, it automatically caches the archives or zip files. You can specify a maximum limit in gigabytes for the cache directory, and JASM+ will keep the cache size under the limit when starting up.",Static label text on the Settings component,"Cuando usas JASM+ para descargar mods, automáticamente almacena en caché los archivos zip. Puedes especificar un límite máximo en gigabytes para el directorio de caché, y JASM+ mantendrá el tamaño de la caché por debajo del límite al iniciar.",
Resources,Settings_GithubLink.Content,Just Another Skin Manager Github,Button/toggle label in Settings page,Just Another Skin Manager Github,
Resources,Settings_GameBananaLink.Content,Just Another Skin Manager GameBanana,Button/toggle label in Settings page,Just Another Skin Manager GameBanana,
Resources,Settings_NewUpdateAvailable.Text,New Update Available on GitHub:,Static label text on the Settings component,Nueva Actualización Disponible en GitHub:,
Resources,Settings_SeeWhatsNew.Text,See what's new in the latest release,Static label text on the Settings component,Ver las novedades de la última versión,
Resources,Settings_IgnoreUpdate.Content,Ignore Current Update?,Button/toggle label in Settings page,¿Ignorar Actualización Actual?,
Resources,Settings_OpenCacheFolder.Text,Open cache folder...,Static label text on the Settings component,Abrir carpeta de caché...,
Resources,Settings_CurrentCacheSize.Text,Current Size of Mod Cache for,Static label text on the Settings component,Tamaño Actual del Caché de Mods para,
Resources,FolderSelector_Browse.Content,Browse,Button in the folder picker control,Examinar,
Resources,CommandsSettingsPage_WarningTitle,Friendly Warning,Page title for the command settings page,Aviso Amigable,
Resources,CommandsSettingsPage_WarningContent,Please be careful when creating commands. Commands can be used to run any executable on your system. Only create commands from trusted sources. JASM+ isn't perfect and can't protect you from malicious scripts or JASM+ bugs/glitches. By clicking 'I understand' you acknowledge that you understand the risks.,Text in the warning/confirmation dialog,Ten cuidado al crear comandos. Los comandos pueden ejecutar cualquier programa en tu sistema. Solo crea comandos de fuentes confiables. JASM+ no es perfecto y no puede protegerte de scripts maliciosos o errores de JASM+. Al hacer clic en 'Entiendo' reconoces que entiendes los riesgos.,
Resources,CommandsSettingsPage_WarningPrimary,I understand,Text in the warning/confirmation dialog,Entiendo,
Resources,CommandsSettingsPage_WarningClose,Close,Text in the warning/confirmation dialog,Cerrar,
Resources,CommandsSettingsPage_Title.Text,Command Settings,Page title for the command settings page,Configuración de Comandos,
Resources,CommandsSettingsPage_CreateCommand.Header,Create new command,Button/section to create a new command,Crear nuevo comando,
Resources,CommandsSettingsPage_CreateCommand.Description,"Here you can define custom commands that JASM+ can run for you. Currently, commands that contain {{TargetPath}} can only be run from the Mods Overview page",Button/section to create a new command,"Aquí puedes definir comandos personalizados que JASM+ puede ejecutar. Actualmente, los comandos que contienen {{TargetPath}} solo se pueden ejecutar desde la página de Resumen de Mods",
Resources,CommandsSettingsPage_CreateNewCommandButton.Content,Create New Command,Button/section to create a new command,Crear Nuevo Comando,
Resources,CommandsSettingsPage_CommandDefinitions.Header,Command Definitions,Section header,Definiciones de Comandos,
Resources,CommandsSettingsPage_CommandDefinitions.Description,Here you can view and delete created command definitions,Section header,Aquí puedes ver y eliminar definiciones de comandos creadas,
Resources,CommandsSettingsPage_DisplayName.Text,Display Name:,Label showing command details,Nombre a Mostrar:,
Resources,CommandsSettingsPage_CommandDefinitionId.Text,Command Definition Id:,Label showing command details,ID de Definición de Comando:,
Resources,CommandsSettingsPage_RunButton.Content,Run,Button to run or kill a command,Ejecutar,
Resources,CommandsSettingsPage_RunConfirmText.Text,Are you sure you want to run this command?,Text in the confirmation dialog,¿Estás seguro de que quieres ejecutar este comando?,
Resources,CommandsSettingsPage_RunConfirmButton.Content,Run,Text in the confirmation dialog,Ejecutar,
Resources,CommandsSettingsPage_EditButton.Content,Edit,Button to edit or delete a command definition,Editar,
Resources,CommandsSettingsPage_DeleteButton.Content,Delete,Button to edit or delete a command definition,Eliminar,
Resources,CommandsSettingsPage_DeleteConfirmText.Text,Are you sure you want to delete this command?,Text in the confirmation dialog,¿Estás seguro de que quieres eliminar este comando?,
Resources,CommandsSettingsPage_DeleteConfirmButton.Content,Delete,Text in the confirmation dialog,Eliminar,
Resources,CommandsSettingsPage_Executable.Text,Executable: ,Label showing command details,Ejecutable: ,
Resources,CommandsSettingsPage_WorkingDirectory.Text,Working Directory: ,Label showing command details,Directorio de Trabajo: ,
Resources,CommandsSettingsPage_Arguments.Text,Arguments: ,Label showing command details,Argumentos: ,
Resources,CommandsSettingsPage_RunningCommands.Header,Currently Running Commands,Section header,Comandos en Ejecución,
Resources,CommandsSettingsPage_RunningCommands.Description,Commands started from JASM+ for the current running instance,Section header,Comandos iniciados desde JASM+ para la instancia actual,
Resources,CommandsSettingsPage_RunningDisplayName.Text,Display Name: ,Label showing command details,Nombre a Mostrar: ,
Resources,CommandsSettingsPage_RunningFullCommand.Text,Full Command: ,Label showing command details,Comando Completo: ,
Resources,CommandsSettingsPage_RunningCommandDefId.Text,Command Definition Id: ,Static label text on the CommandsSettingsPage component,ID de Definición de Comando: ,
Resources,CommandsSettingsPage_KillButton.Content,Kill,Button to run or kill a command,Matar,
Resources,CreateCommandView_Title.Text,Create Command,Window title for the command creator,Crear Comando,
Resources,CreateCommandView_CommandName.Header,* Command Name:,Label/placeholder for the command display name (Required field),* Nombre del Comando:,
Resources,CreateCommandView_CommandName.PlaceholderText,Command Display Name (Required),Label/placeholder for the command display name (Required field),Nombre a Mostrar del Comando (Requerido),
Resources,CreateCommandView_CustomCommand.Content,Custom Command,Radio button: create a fully custom command,Comando Personalizado,
Resources,CreateCommandView_ChainedCommand.Content,Custom Chained Command,Radio button: use a game start command as base,Comando Encadenado Personalizado,
Resources,CreateCommandView_Executable.Title,* Executable,Label/placeholder/title for the executable path (Required field),* Ejecutable,
Resources,CreateCommandView_Executable.PlaceHolderText,Must either be in $PATH or be an absolute path to the executable (Required),Label/placeholder/title for the executable path (Required field),Debe estar en $PATH o ser una ruta absoluta al ejecutable (Requerido),
Resources,CreateCommandView_WorkingDirectory.Title,Working Directory,Label/placeholder for the working directory,Directorio de Trabajo,
Resources,CreateCommandView_WorkingDirectory.PlaceHolderText,"When manually specifying a path, the folder must exist",Label/placeholder for the working directory,"Al especificar una ruta manualmente, la carpeta debe existir",
Resources,CreateCommandView_Arguments.Header,Arguments,Label/placeholder for command arguments,Argumentos,
Resources,CreateCommandView_Arguments.PlaceholderText,Arguments that will be passed to the executable,Label/placeholder for command arguments,Argumentos que se pasarán al ejecutable,
Resources,CreateCommandView_TargetPathHelp.Text,"When command is run against a file system object (i.e. a skin/mod folder), {{TargetPath}} will be replaced by the actual path.",Help text explaining the {{TargetPath}} variable,"Cuando el comando se ejecuta contra un objeto del sistema de archivos (es decir, una carpeta de skin/mod), {{TargetPath}} será reemplazado por la ruta real.",
Resources,CreateCommandView_KillProcess.Content,Kill Process on JASM+ exit,Checkbox: kill the process when JASM+ exits,Matar Proceso al salir de JASM+,
Resources,CreateCommandView_RunAsAdmin.Content,Run as Admin,Checkbox: launch command with admin privileges,Ejecutar como Administrador,
Resources,CreateCommandView_UseShellExecute.Content,Use Shell Execute,Checkbox: use OS shell to launch the command,Usar Ejecución del Sistema,
Resources,CreateCommandView_CreateWindow.Content,Create window,Checkbox: show a visible window for the process,Crear ventana,
Resources,CreateCommandView_CommandPreview.Header,Command that will be run:,Label showing the full command string,Comando que se ejecutará:,
Resources,WindowManagerService_Close,Close,Close button text for full-screen dialogs,Cerrar,
Resources,PresetPage_HowPresetsWorkTitle,How presets work,Dialog explaining how presets work,Cómo funcionan los Presets,
Resources,PresetPage_HowPresetsWorkClose,Close,Dialog explaining how presets work,Cerrar,
Resources,PresetPage_HowPresetsWorkDesc1,A Preset is a list of Mods to enable and their preferences. JASM+ reads and stores mod preferences in the mods themselves in the file .JASM_ModConfig.json,Dialog explaining how presets work,Un Preset es una lista de Mods para activar y sus preferencias. JASM+ lee y almacena las preferencias de los mods en los propios mods en el archivo .JASM_ModConfig.json,
Resources,PresetPage_HowPresetsWorkDesc2,When you create a new preset JASM+ creates a list of all enabled mods and the preferences stored in them. So when you apply the preset later it will enable only those mods and apply the preferences stored in the preset,Dialog explaining how presets work,"Cuando creas un nuevo preset, JASM+ crea una lista de todos los mods habilitados y las preferencias almacenadas en ellos. Cuando aplicas el preset más tarde, habilitará solo esos mods y aplicará las preferencias almacenadas en el preset",
Resources,PresetPage_HowPresetsWorkDesc3,You can allow JASM+ to handle 3Dmigoto reloading by checking the Auto Sync checkbox. But you can also do it yourself by checking the Show Manual Controls checkbox and saving/loading preferences manually.,Dialog explaining how presets work,Puedes permitir que JASM+ maneje la recarga de 3Dmigoto marcando la casilla Auto Sync. También puedes hacerlo tú mismo marcando la casilla Mostrar Controles Manuales y guardando/cargando preferencias manualmente.,
Resources,PresetPage_HowPresetsWorkDesc4,It is possible to simply ignore the preset part of this page and only use the manual controls to persist mod preferences.,Dialog explaining how presets work,Es posible simplemente ignorar la parte de presets de esta página y solo usar los controles manuales para persistir las preferencias de los mods.,
Resources,RandomizeModsDialog_Title,Randomize Mods,Title of the randomize mods dialog,Aleatorizar Mods,
Resources,RandomizeModsDialog_Primary,Randomize,Confirm button,Aleatorizar,
Resources,RandomizeModsDialog_Close,Cancel,Close/cancel button,Cancelar,
Resources,RandomizeModsDialog_DescPrefix,Select the categories you want to randomize mods for:,Description/suggestion text,Selecciona las categorías que deseas aleatorizar:,
Resources,RandomizeModsDialog_DescNote,Note: This will only randomize mod folders that are meant to only have one mod active. So 'Others __' folders will not be randomized. While only one mod wil be enabled per in game character skin,Description/suggestion text,Nota: Esto solo aleatorizará las carpetas de mods que están diseñadas para tener solo un mod activo. Las carpetas 'Otros __' no se aleatorizarán. Solo se habilitará un mod por skin de personaje en el juego.,
Resources,RandomizeModsDialog_AllowNone,Allow no mods as a result. This means it is possible for no mods to be enabled for a mod folder,Toggle: allow all mods to be disabled,Permitir ningún mod como resultado. Esto significa que es posible que no se habilite ningún mod para una carpeta de mods,
Resources,RandomizeModsDialog_Suggestion,I suggest creating a preset (or a backup) of your mods before randomizing if you have a lot of enabled mods,Description/suggestion text,Te sugiero crear un preset (o una copia de seguridad) de tus mods antes de aleatorizar si tienes muchos mods habilitados,
Resources,RandomizeModsDialog_NotifNoCategories,No categories selected,Notification about randomization,Ninguna categoría seleccionada,
Resources,RandomizeModsDialog_NotifNoCategoriesDesc,No categories were selected to randomize.,Description/suggestion text,No se seleccionaron categorías para aleatorizar.,
Resources,RandomizeModsDialog_NotifFailed,Failed to randomize mods,Notification about randomization,Error al aleatorizar mods,
Resources,RandomizeModsDialog_NotifSuccess,Mods randomized,Notification about randomization,Mods aleatorizados,
Resources,RandomizeModsDialog_NotifSuccessDesc,Mods have been randomized for the categories: ,Description/suggestion text,Mods han sido aleatorizados para las categorías: ,
Resources,CreateCommandView_EffectiveWorkingDirPrefix,Effective working directory: ,Text on the CreateCommandView component,Directorio de trabajo efectivo: ,
Resources,CreateCommandView_InvalidWorkingDir,Invalid working directory,Text on the CreateCommandView component,Directorio de trabajo no válido,
Resources,CreateCommandView_SaveCommand.Content,Save Command,Button to save the command definition,Guardar Comando,
Resources,Category_Character,Character,Filter category: Character,Personaje,
Resources,Category_Characters,Characters,Filter category: Characters,Personajes,
Resources,Category_NPC,NPC,Filter category: NPC,PNJ,
Resources,Category_NPCs,NPCs,Filter category: NPCs,PNJs,
Resources,Category_Object,Object,Filter category: Object,Objeto,
Resources,Category_Objects,Objects,Filter category: Objects,Objetos,
Resources,Category_Weapon,Weapon,Filter category: Weapon,Arma,
Resources,Category_Weapons,Weapons,Filter category: Weapons,Armas,
Resources,Category_Custom,Custom,Filter category: Custom,Personalizado,
Resources,Category_Characters_Resumen,Character Resumen,Filter category: Characters_Resumen,Resumen de Personajes,
Resources,Characters_ErrorDisablingModsTitle,Error disabling mods,Text on the Characters component,Error al deshabilitar mods,
Resources,Characters_ModsDisabledTitle,Mods Disabled,Text on the Characters component,Mods Deshabilitados,
Resources,Characters_ModsDisabledMessage,Alls mods for {0} have been disabled,The {0} placeholder is replaced with the character name,Todos los mods de {0} han sido deshabilitados,
Resources,Characters_ModsEnabledTitle,Mods enabled,Text on the Characters component,Mods habilitados,
Resources,Characters_ModsEnabledMessage,All tracked mods have been enabled for {0}.,The {0} placeholder is replaced with the character name,Todos los mods rastreados han sido habilitados para {0}.,
Resources,Characters_ErrorsEnablingModsTitle,Errors while enabling mods,Text on the Characters component,Errores al habilitar mods,
Resources,Characters_ErrorsEnablingModsMessage,An error occurred for {0} mods. Check logs.,The {0} placeholder is replaced with the character name,Ocurrió un error para {0} mods. Revise los registros.,
Resources,Characters_ModsDisabledSuccessTitle,Mods disabled,Text on the Characters component,Mods deshabilitados,
Resources,Characters_ModsDisabledSuccessMessage,All tracked mods have been disabled for {0}.,The {0} placeholder is replaced with the character name,Todos los mods rastreados han sido deshabilitados para {0}.,
Resources,Characters_ErrorsDisablingModsTitle,Errors while disabling mods,Text on the Characters component,Errores al deshabilitar mods,
Resources,Characters_ErrorsDisablingModsMessage,An error occurred for {0} mods. Check logs.,The {0} placeholder is replaced with the character name,Ocurrió un error para {0} mods. Revise los registros.,
Resources,Characters_CleanupCompleteTitle,Cleanup complete,Text on the Characters component,Limpieza completa,
Resources,Characters_CleanupCompleteMessage,Deleted {0} disabled mods for {1}.,The {0} placeholder is replaced with the character name,Se eliminaron {0} mods deshabilitados para {1}.,
Resources,Characters_ErrorAddingModTitle,Error adding mod,Text on the Characters component,Error al agregar mod,
Resources,Characters_InvalidGameBananaLinkTitle,Invalid GameBanana mod page link,Text on the Characters component,Enlace de página de mod de GameBanana inválido,
Resources,Characters_ErrorOpeningModPageTitle,Error opening mod page window,Text on the Characters component,Error al abrir la ventana de página de mod,
Resources,Settings_Startup_SettingsSavedTitle,Startup settings saved,Text on the Settings component,Configuración de inicio guardada,
Resources,Settings_Startup_SettingsSavedMessage,Startup settings saved successfully to '{0}',Contains a dynamic value placeholder,Configuración de inicio guardada exitosamente en '{0}',
Resources,Settings_Startup_AlphaTitle,JASM+ is still in alpha,Text on the Settings component,JASM+ aún está en alpha,
Resources,Settings_Startup_AlphaMessage,"There will be bugs and things will most likely break. Anyway, hope you enjoy using Just Another Skin Manager!",Text on the Settings component,"Habrá errores y es probable que algo se rompa. De todos modos, espero que disfrutes usando Just Another Skin Manager.",
Resources,Settings_RestartRequired_Title,Restart required,Text in a settings confirmation dialog,Reinicio requerido,
Resources,Settings_RestartRequired_Content,"You'll need to restart the application for the theme to take effect or else the application will become unstable. This is most likely me not configuring the theming correctly. Dark Mode is the recommended theme.

Sorry for the inconvenience.",Text in a settings confirmation dialog,"Necesitarás reiniciar la aplicación para que el tema surta efecto o de lo contrario la aplicación se volverá inestable. Esto es probablemente porque no configuré los temas correctamente. El modo oscuro es el tema recomendado.

Disculpa las molestias.",
Resources,Settings_RestartRequired_PrimaryButton,Restart,"Button label in the ""Restart Required"" dialog",Reiniciar,
Resources,Settings_RestartRequired_CloseButton,Cancel,Text on the Settings component,Cancelar,
Resources,Settings_ReorganizeMods_Title,Reorganize Mods?,Text in a settings confirmation dialog,¿Reorganizar Mods?,
Resources,Settings_ReorganizeMods_Content,"Do you want to reorganize the Mods folder?
This will prompt the application to sort existing mods that are directly in the Mods folder and Others folder, into folders assigned to their respective characters.

Any mods that can't be reasonably matched will be placed in an 'Others' folder. While the mods already in 'Others' folder will remain there.",Text in a settings confirmation dialog,"¿Deseas reorganizar la carpeta Mods?
Esto hará que la aplicación ordene los mods existentes que están directamente en la carpeta Mods y en la carpeta Others, dentro de carpetas asignadas a sus respectivos personajes.

Cualquier mod que no pueda ser emparejado razonablemente se colocará en una carpeta 'Others'. Los mods que ya están en la carpeta 'Others' permanecerán allí.",
Resources,Settings_ReorganizeMods_PrimaryButton,Yes,"Button label in the ""Reorganize Mods"" dialog",Sí,
Resources,Settings_ReorganizeMods_CloseButton,Cancel,Text on the Settings component,Cancelar,
Resources,Settings_RestartRequired_LangTitle,Restart Required,Text on the Settings component,Reinicio Requerido,
Resources,Settings_RestartRequired_LangPrimaryButton,Change Language and restart,"Button label in the ""Restart Required"" dialog",Cambiar idioma y reiniciar,
Resources,Settings_RestartRequired_LangCloseButton,Cancel,Text on the Settings component,Cancelar,
Resources,Settings_SwitchGame_Title,Switch Game,Text in a settings confirmation dialog,Cambiar Juego,
Resources,Settings_SwitchGame_Content,"Switching games will restart the application. This is required to ensure that the application is configured correctly for the selected game.

Do you want to switch games?",Text in a settings confirmation dialog,"Cambiar de juego reiniciará la aplicación. Esto es necesario para asegurar que la aplicación esté configurada correctamente para el juego seleccionado.

¿Deseas cambiar de juego?",
Resources,Settings_SwitchGame_PrimaryButton,Switch to {0},Contains a dynamic value placeholder,Cambiar a {0},
Resources,Settings_SwitchGame_CloseButton,Cancel,Text on the Settings component,Cancelar,
Resources,Settings_CharacterSkins_EnableTitle,Enable Character Skins as Characters?,Text on the Settings component,¿Habilitar Skins de Personaje como Personajes?,
Resources,Settings_CharacterSkins_EnableContent,"Enabling this will make JASM+ treat in game skins as separate characters in the character overview.
This could potentially become the default setting of JASM+ in the future.
JASM+ will not move any of your mods nor will it delete any.

Are you sure you want to enable character skins as characters? JASM+ will restart afterwards...",Button/toggle label in Settings page,"Habilitar esto hará que JASM+ trate las skins del juego como personajes separados en la vista general de personajes.
Esto podría convertirse en la configuración predeterminada de JASM+ en el futuro.
JASM+ no moverá ninguno de tus mods ni los eliminará.

¿Estás seguro de que deseas habilitar las skins de personaje como personajes? JASM+ se reiniciará después...",
Resources,Settings_CharacterSkins_EnablePrimaryButton,Enable,Button label in the character skins dialog,Habilitar,
Resources,Settings_CharacterSkins_DisableTitle,Disable Character Skins as Characters?,Text on the Settings component,¿Deshabilitar Skins de Personaje como Personajes?,
Resources,Settings_CharacterSkins_DisableContent,"Disabling this will make JASM+ treat in game skins as skins of the base character in the character overview.
This is currently the default setting of JASM+
JASM+ will not move any of your mods nor will it delete any.

Are you sure you want to disable character skins as characters? JASM+ will restart afterwards...",Button/toggle label in Settings page,"Deshabilitar esto hará que JASM+ trate las skins del juego como skins del personaje base en la vista general de personajes.
Esta es actualmente la configuración predeterminada de JASM+
JASM+ no moverá ninguno de tus mods ni los eliminará.

¿Estás seguro de que deseas deshabilitar las skins de personaje como personajes? JASM+ se reiniciará después...",
Resources,Settings_CharacterSkins_DisablePrimaryButton,Disable,Button label in the character skins dialog,Deshabilitar,
Resources,Settings_CharacterSkins_CloseButton,Cancel,Text on the Settings component,Cancelar,
Resources,Settings_UpdateFolderPaths_Title,Update Folder Paths?,Text in a settings confirmation dialog,¿Actualizar Rutas de Carpetas?,
Resources,Settings_UpdateFolderPaths_Content,Do you want to save the new folder paths? The App will restart afterwards.,Text in a settings confirmation dialog,¿Deseas guardar las nuevas rutas de carpeta? La aplicación se reiniciará después.,
Resources,Settings_UpdateFolderPaths_PrimaryButton,Save,"Button label in the ""Update Folder Paths"" dialog",Guardar,
Resources,Settings_UpdateFolderPaths_CloseButton,Cancel,Folder path selector label in Settings page,Cancelar,
Resources,Settings_Export_ButtonText,Export Mods,Text on the Settings component,Exportar Mods,
Resources,Settings_GameSource_RestartTitle,Restart Required,Game source selection UI (Release vs Community),Reinicio Requerido,
Resources,Settings_GameSource_RestartContent,Changing the Game Source requires a restart of the application to load the new games. JASM+ will close now.,Button/toggle label in Settings page,Cambiar la Fuente del Juego requiere reiniciar la aplicación para cargar los nuevos juegos. JASM+ se cerrará ahora.,
Resources,Settings_GameSource_RestartPrimary,Restart now,Game source selection UI (Release vs Community),Reiniciar ahora,
Resources,Settings_GameSource_RestartClose,Restart later,Game source selection UI (Release vs Community),Reiniciar después,
Resources,Settings_Export_PrimaryButton,Export,Button label in the mod export dialog,Exportar,
Resources,Settings_Export_CloseButton,Cancel,Text on the Settings component,Cancelar,
Resources,Notifications_LogFileNotFoundTitle,Log file not found,Text on the Notifications component,Archivo de registro no encontrado,
Resources,Notifications_LogFileCouldNotOpenTitle,Log file could not be opened,Text on the Notifications component,El archivo de registro no pudo abrirse,
Resources,CreateCommand_FilePicker_CommitText,Select,Text for the file/folder picker dialog,Seleccionar,
Resources,CreateCommand_FolderPicker_CommitText,Select Folder,Text for the file/folder picker dialog,Seleccionar Carpeta,
Resources,Characters_PinToTopText,Pin To Top,Text on the Characters component,Fijar al Inicio,
Resources,Characters_UnpinCharacterText,Unpin Character,Text on the Characters component,Desfijar Personaje,
Resources,Settings_Export_Status_KeepCurrent,Keep Current,Text on the Settings component,Mantener Actual,
Resources,Settings_Export_Status_EnableAll,Enable All Mods,Text on the Settings component,Habilitar Todos los Mods,
Resources,Settings_Export_Status_DisableAll,Disable All Mods,Text on the Settings component,Deshabilitar Todos los Mods,
Resources,CharacterDetails_ViewToggle.OnContent,Gallery View,Toggle switch to switch between Gallery View or Detailed View,Vista Galería,
Resources,ModGrid_EnabledColumn,Enabled,Column header in the mod list: EnabledColumn,Habilitado,
Resources,ModGrid_ModNameColumn,Mod Name,Column header in the mod list: ModNameColumn,Nombre del Mod,
Resources,ModGrid_ModFolderNameColumn,Mod Folder Name,Column header in the mod list: ModFolderNameColumn,Nombre de Carpeta del Mod,
Resources,ModGrid_AuthorColumn,Author,Column header in the mod list: AuthorColumn,Autor,
Resources,ModGrid_AddedColumn,Added,Column header in the mod list: AddedColumn,Agregado,
Resources,ModGrid_PresetsColumn,Presets,Column header in the mod list: PresetsColumn,Presets,
Resources,ModGrid_NotesColumn,Notes,Column header in the mod list: NotesColumn,Notas,
Resources,CharacterDetails_MultipleModsActiveMessage,Multiple Mods active,Warning message shown when multiple mods are enabled simultaneously,Múltiples Mods activos,
Resources,CharacterGallery_EnableButton,Enable,Text on the CharacterGallery component,Habilitar,
Resources,CharacterGallery_DisableButton,Disable,Text on the CharacterGallery component,Deshabilitar,
Resources,CreateCharacterPage_Title.Text,Create Character,Static label text on the CreateCharacterPage component,Crear Personaje,
Resources,CreateCharacterPage_CharacterImage.Text,Character Image,Static label text on the CreateCharacterPage component,Imagen del Personaje,
Resources,CreateCharacterPage_InternalName.Header,Internal Name (Required),"Label/help for the internal name (used for mod folder naming, must be unique)",Nombre Interno (Requerido),
Resources,CreateCharacterPage_DisplayName.Header,Display Name,Label for the character display name field,Nombre para Mostrar,
Resources,CreateCharacterPage_ModFilesName.Header,Mod Files name,Label/help for the mod files folder name,Nombre de Archivos de Mods,
Resources,CreateCharacterPage_Rarity.Header,Rarity,Label for the rarity selector,Rareza,
Resources,CreateCharacterPage_Element.Header,Element,Label for the element/type selector,Elemento,
Resources,CreateCharacterPage_SearchKeys.Text,Search Keys,Section label or help: additional search keywords for this character,Claves de Búsqueda,
Resources,CreateCharacterPage_NewKeyName.PlaceholderText,New Key Name...,Hint text inside an input field on the CreateCharacterPage component,Nuevo Nombre de Clave...,
Resources,CreateCharacterPage_AddSearchKey.Content,Add Search Key,Button to add or remove search keywords,Agregar Clave de Búsqueda,
Resources,CreateCharacterPage_SearchKeysDescription.Text,"JASM+ uses keys to help improve search functionality. Some characters may have multiple names, so you can add additional name or search terms as Keys.",Section label or help: additional search keywords for this character,"JASM+ usa claves para ayudar a mejorar la funcionalidad de búsqueda. Algunos personajes pueden tener múltiples nombres, por lo que puedes agregar nombres adicionales o términos de búsqueda como Claves.",
Resources,CreateCharacterPage_RemoveKey.Content,Remove,Button to add or remove search keywords,Eliminar,
Resources,CreateCharacterPage_SaveButton.Content,Create Character,Button to save character changes,Crear Personaje,
Resources,EditCharacterPage_ModFolderPath.Text,Mod Folder Path:,Static label text on the EditCharacterPage component,Ruta de Carpeta de Mods:,
Resources,EditCharacterPage_DisableCharacter.Content,Disable Character,Button/dialog for disabling a character,Deshabilitar Personaje,
Resources,EditCharacterPage_EnableCharacter.Content,Enable Character,Button/dialog for enabling a disabled character,Habilitar Personaje,
Resources,EditCharacterPage_DeleteCharacter.Content,Delete Custom Character,Button/dialog for deleting a custom character,Eliminar Personaje Personalizado,
Resources,EditCharacterPage_InternalNameId.Text,Internal Name (Id): ,"Label/help for the internal name (used for mod folder naming, must be unique)",Nombre Interno (Id): ,
Resources,EditCharacterPage_DisplayName.Header,Display Name,Label for the character display name field,Nombre para Mostrar,
Resources,EditCharacterPage_TotalMods.Text,Total Mods:,Static label text on the EditCharacterPage component,Total de Mods:,
Resources,EditCharacterPage_SearchKeys.Text,Character Search Keys,Section label or help: additional search keywords for this character,Claves de Búsqueda de Personajes,
Resources,EditCharacterPage_NewKeyName.PlaceholderText,New Key Name...,Hint text inside an input field on the EditCharacterPage component,Nuevo Nombre de Clave...,
Resources,EditCharacterPage_AddSearchKey.Content,Add Search Key,Button to add or remove search keywords,Agregar Clave de Búsqueda,
Resources,EditCharacterPage_SearchKeysDescription.Text,"JASM+ uses keys to help improve search functionality. Some characters may have multiple names, so you can add additional name or search terms as Keys.",Section label or help: additional search keywords for this character,"JASM+ usa claves para ayudar a mejorar la funcionalidad de búsqueda. Algunos personajes pueden tener múltiples nombres, por lo que puedes agregar nombres adicionales o términos de búsqueda como Claves.",
Resources,EditCharacterPage_RemoveKey.Content,Remove,Button to add or remove search keywords,Eliminar,
Resources,EditCharacterPage_UndoChanges.Content,Undo changes,Button to revert unsaved edits,Deshacer cambios,
Resources,EditCharacterPage_SaveChanges.Content,Save changes,Button to save character changes,Guardar cambios,
Resources,EditCharacterPage_ShowDataModel.Text,Show Character Data Model...,Button to show the character JSON data model,Mostrar Modelo de Datos del Personaje...,
Resources,EditCharacterPage_ResetCharacter.Content,Reset Character,Button/dialog for resetting a character,Restablecer Personaje,
Resources,CreateCharacterPage_ExportJson.Content,Export character json,Button to export character data as JSON,Exportar json de personaje,
Resources,CreateCharacterPage_OpenCustomJson.Content,Open custom Character json file,Button to import a custom JSON file,Abrir archivo json de personaje personalizado,
Resources,CreateCharacter_FailedTitle,Failed to create character,Notification: an operation failed,Error al crear el personaje,
Resources,CreateCharacter_EnableFailedTitle,"Character created, but failed to enable mod list for character",Notification: an operation failed,"Personaje creado, pero no se pudo habilitar la lista de mods",
Resources,CreateCharacter_SuccessTitle,Character created,Notification: operation succeeded,Personaje creado,
Resources,CreateCharacter_SuccessMessage,Character '{0}' was created successfully,The {0} placeholder is replaced with the character name,El personaje '{0}' fue creado exitosamente,
Resources,CreateCharacter_PasteImageFailedTitle,Failed to paste image,Notification: paste image operation result,Error al pegar la imagen,
Resources,CreateCharacter_NoImageInClipboard,No image found in clipboard,Notification: clipboard has no image,No se encontró imagen en el portapapeles,
Resources,CreateCharacter_JsonExportFailedTitle,Failed to create json export,Dialog/notification for JSON export,Error al crear la exportación json,
Resources,CreateCharacter_JsonExportTitle,Character Model Json Export,Dialog/notification for JSON export,Exportación de Modelo de Personaje Json,
Resources,CreateCharacter_JsonExportPrimary,Copy to clipboard and Close,Dialog/notification for JSON export,Copiar al portapapeles y Cerrar,
Resources,CreateCharacter_JsonExportClose,Close,Dialog/notification for JSON export,Cerrar,
Resources,CreateCharacter_JsonCopiedTitle,Character json copied to clipboard,Notification: operation succeeded,Json de personaje copiado al portapapeles,
Resources,EditCharacter_PasteImageFailedTitle,Failed to paste image,Notification: paste image operation result,Error al pegar la imagen,
Resources,EditCharacter_NoImageInClipboard,No image found in clipboard,Notification: clipboard has no image,No se encontró imagen en el portapapeles,
Resources,EditCharacter_DeletedTitle,Custom Character Deleted,Text on the EditCharacter component,Personaje Personalizado Eliminado,
Resources,EditCharacter_DeletedMessage,Custom Character '{0}' was deleted successfully,The {0} placeholder is replaced with the character name,El Personaje Personalizado '{0}' fue eliminado exitosamente,
Resources,EditCharacter_SaveFailedTitle,Failed to save changes to character,Notification: an operation failed,Error al guardar cambios del personaje,
Resources,EditCharacter_DisableCharacterTitle,Disable Character,Button/dialog for disabling a character,Deshabilitar Personaje,
Resources,EditCharacter_DisableCharacterContent,"Are you sure you want to disable this character? This will not remove the character, but JASM+ will no longer recognize the character. Character can be reactivated later. This will be executed immediately on pressing yes",Button/dialog for disabling a character,"¿Estás seguro de que deseas deshabilitar este personaje? Esto no eliminará el personaje, pero JASM+ ya no lo reconocerá. El personaje puede ser reactivado más tarde. Esto se ejecutará inmediatamente al presionar sí",
Resources,EditCharacter_DisableCharacterPrimary,"Yes, disable this character",Button/dialog for disabling a character,"Sí, deshabilitar este personaje",
Resources,EditCharacter_DisableCharacterClose,No,Button/dialog for disabling a character,No,
Resources,EditCharacter_DeleteCharacterTitle,Delete Custom Character,Button/dialog for deleting a custom character,Eliminar Personaje Personalizado,
Resources,EditCharacter_DeleteCharacterContent,"Are you sure you want to delete this custom character? This will remove the character, and JASM+ will no longer recognize the character. This will be executed immediately on pressing yes",Button/dialog for deleting a custom character,¿Estás seguro de que deseas eliminar este personaje personalizado? Esto eliminará el personaje y JASM+ ya no lo reconocerá. Esto se ejecutará inmediatamente al presionar sí,
Resources,EditCharacter_DeleteCharacterPrimary,"Yes, delete this custom character",Button/dialog for deleting a custom character,"Sí, eliminar este personaje personalizado",
Resources,EditCharacter_DeleteCharacterClose,No,Button/dialog for deleting a custom character,No,
Resources,EditCharacter_EnableCharacterTitle,Enable Character,Button/dialog for enabling a disabled character,Habilitar Personaje,
Resources,EditCharacter_EnableCharacterContent,Are you sure you want to enable this character? This will be executed immediately on pressing yes,Button/dialog for enabling a disabled character,¿Estás seguro de que deseas habilitar este personaje? Esto se ejecutará inmediatamente al presionar sí,
Resources,EditCharacter_EnableCharacterPrimary,"Yes, enable this character",Button/dialog for enabling a disabled character,"Sí, habilitar este personaje",
Resources,EditCharacter_EnableCharacterClose,No,Button/dialog for enabling a disabled character,No,
Resources,CreateCharacterPage_IsMultiMod.Content,Is Multi Mod,Toggle/help: whether this character supports multiple mods enabled at once,Es Multi Mod,
Resources,EditCharacterPage_IsMultiMod.Content,Is Multi Mod,Toggle/help: whether this character supports multiple mods enabled at once,Es Multi Mod,
Resources,EditCharacterPage_GoToCharacter.Content,Go to character,Button to navigate to this character,Ir al personaje,
Resources,CreateCharacterPage_InternalNameHelp.Text,The Internal Name is used by JASM+ to identify characters/ModObjects. It is also used as the name of mod folder. Must be unique. Changing this after character has been created means JASM+ will identify this as a new character.,"Label/help for the internal name (used for mod folder naming, must be unique)",El Nombre Interno es usado por JASM+ para identificar personajes/Objetos de Mod. También se usa como nombre de la carpeta de mods. Debe ser único. Cambiar esto después de haber creado el personaje significa que JASM+ identificará esto como un nuevo personaje.,
Resources,CreateCharacterPage_ModFilesNameHelp.Text,"JASM+ can in some cases try and determine what character a mod is for. When doing this it uses the ModFilesName text to try and find a mod file with the same name. For example, lets say ModFilesName is 'paimon' then it will match a file with name: PaimonHeadLightMap.dds Leave empty if you don't want JASM+ to try and match mod files.",Label/help for the mod files folder name,"JASM+ puede en algunos casos intentar determinar para qué personaje es un mod. Al hacer esto, usa el texto de ModFilesName para intentar encontrar un archivo de mod con el mismo nombre. Por ejemplo, si ModFilesName es 'paimon', coincidirá con un archivo llamado: PaimonHeadLightMap.dds Déjalo vacío si no quieres que JASM+ intente coincidir archivos de mod.",
Resources,CreateCharacterPage_IsMultiModHelp.Text,If Checked JASM+ won't show a warning when multiple mods are enabled for this mod object.,Toggle/help: whether this character supports multiple mods enabled at once,"Si está marcado, JASM+ no mostrará una advertencia cuando múltiples mods estén habilitados para este objeto de mod.",
Resources,EditCharacterPage_InternalNameHelp.Text,The Internal Name is used by JASM+ to identify characters/ModObjects. It is also used as the name of mod folder. Must be unique. Changing this after character has been created means JASM+ will identify this as a new character.,"Label/help for the internal name (used for mod folder naming, must be unique)",El Nombre Interno es usado por JASM+ para identificar personajes/Objetos de Mod. También se usa como nombre de la carpeta de mods. Debe ser único. Cambiar esto después de haber creado el personaje significa que JASM+ identificará esto como un nuevo personaje.,
Resources,EditCharacterPage_IsMultiModHelp.Text,If Checked JASM+ won't show a warning when multiple mods are enabled for this mod object.,Toggle/help: whether this character supports multiple mods enabled at once,"Si está marcado, JASM+ no mostrará una advertencia cuando múltiples mods estén habilitados para este objeto de mod.",
Resources,EditCharacterPage_ResetCharacterSettings.Content,Reset Character Settings,Button/dialog for resetting a character,Restablecer Configuración del Personaje,
Resources,EditCharacter_ShowDataModelTitle,Character Model,Button to show the character JSON data model,Modelo del Personaje,
Resources,EditCharacter_ShowDataModelClose,Close,Button to show the character JSON data model,Cerrar,
Resources,CharacterDetails_NoModsFound,No mods found for this character 😖,Text on the CharacterDetails component,No se encontraron mods para este personaje 😖,
Resources,CharacterDetails_DropModsHere,Drop Mods Here,Text on the CharacterDetails component,Suelta los Mods Aquí,
Resources,ModInstallerPage_ReplaceDuplicateMod.Text,Replace duplicate mod in presets with new mod,Checkbox: replace old mod in presets with this new version,Reemplazar mod duplicado en presets con el nuevo mod,
Resources,ModInstallerPage_ReplaceDuplicateMod2.Text,Replace duplicate mod in presets with new mod,Checkbox: replace old mod in presets with this new version,Reemplazar mod duplicado en presets con el nuevo mod,
Resources,ModPage_DownloadTitle,Download Mod files,Text on the ModPage component,Descargar archivos de mod,
Resources,ModPage_DownloadsForTitle,Downloads for: {0},The {0} placeholder is replaced with the mod name or count,Descargas para: {0},
Resources,ModInstaller_HelperWindowTitle,Mod Installer Helper: {0},The {0} placeholder is replaced with the mod name or count,Asistente de Instalación de Mods: {0},
Resources,ModInstallerPage_AlwaysOnTopToggle_ToolTip,Keep window always on top,Toggle tooltip: keep window always on top,Mantener ventana siempre al frente,
Resources,ModInstallerPage_RetrieveModInfoButton_ToolTip,Retrieve mod info from the mod page,Button/tooltip: fetch mod info from GameBanana,Obtener información del mod desde la página de mod,
Resources,CustomImage_PickImageButton_ToolTip,Pick an Image,Context menu item to pickimagebutton_tooltip an image,Seleccionar una Imagen,
Resources,Preset_FailedCreate,Failed to create preset,Notification: preset operation failed,Error al crear el preset,
Resources,Preset_FailedDuplicate,Failed to duplicate preset,Notification: preset operation failed,Error al duplicar el preset,
Resources,Preset_FailedDelete,Failed to delete preset,Notification: preset operation failed,Error al eliminar el preset,
Resources,Preset_Applied,Preset applied,Notification: preset operation succeeded,Preset aplicado,
Resources,Preset_AppliedMessage,Preset '{0}' has been applied,Contains a dynamic value placeholder,El preset '{0}' ha sido aplicado,
Resources,Preset_FailedApply,Failed to apply preset,Notification: preset operation failed,Error al aplicar el preset,
Resources,Preset_FailedRename,Failed to rename preset,Notification: preset operation failed,Error al renombrar el preset,
Resources,Preset_FailedSaveOrder,Failed to save preset order,Notification: preset operation failed,Error al guardar el orden del preset,
Resources,Preset_FailedToggleReadOnly,Failed to toggle read only,Notification: preset operation failed,Error al cambiar solo lectura,
Resources,Preset_ModPrefsReset,Mod preferences reset,Notification: mod preferences updated,Preferencias de mod restablecidas,
Resources,Preset_FailedResetModPrefs,Failed to reset mod preferences,Notification: preset operation failed,Error al restablecer preferencias de mod,
Resources,PresetDetails_ModRemoved,Mod removed from preset,Notification: preset operation succeeded,Mod eliminado del preset,
Resources,PresetDetails_FailedRemoveMod,Failed to remove mod from preset,Notification: preset operation failed,Error al eliminar mod del preset,
Resources,PresetDetails_ModAdded,Mod added to preset,Notification: preset operation succeeded,Mod agregado al preset,
Resources,PresetDetails_ModAddedMessage,Added mod '{0}' to preset {1},The {0} placeholder is replaced with the mod name or count,Mod '{0}' agregado al preset {1},
Resources,PresetDetails_FailedAddMod,Failed to add mod to preset,Notification: preset operation failed,Error al agregar mod al preset,
Resources,PresetDetails_PrefsSaved,Preferences saved for mod,Text on the PresetDetails component,Preferencias guardadas para el mod,
Resources,PresetDetails_FailedSavePrefs,Failed to save mod preferences,Notification: preset operation failed,Error al guardar preferencias del mod,
Resources,ModInstaller_ModInstalled,Mod '{0}' installed,The {0} placeholder is replaced with the mod name or count,Mod '{0}' instalado,
Resources,ModInstaller_FailedClipboardImage,Failed retrieve image from clipboard,Text on the ModInstaller component,Error al obtener imagen del portapapeles,
Resources,ModInstaller_FailedDownloadImage,Failed to download image from modUrl,Notification: failed to download preview image,Error al descargar imagen desde modUrl,
Resources,ModInstaller_AnErrorOccurred,An error occurred,Notification: mod installation error,Ocurrió un error,
Resources,ModInstaller_ErrorAddingMod,An error occurred while adding the mod. See logs for more details,Notification: mod installation error,Ocurrió un error al agregar el mod. Consulte los registros para más detalles,
Resources,CharDetails_InvalidModFile,The operation failed because the selected item is not a valid mod file or folder.,Text on the CharDetails component,La operación falló porque el elemento seleccionado no es un archivo o carpeta de mod válido.,
Resources,CharDetails_InvalidModUrl,The operation failed because the selected item is not a valid https GameBanana mod URL.,Text on the CharDetails component,La operación falló porque el elemento seleccionado no es una URL válida de mod de GameBanana.,
Resources,CharDetails_DestModListNotFoundMsg,Destination mod list not found,Notification: destination character not found for mod move,Lista de mods de destino no encontrada,
Resources,ModUpdate_FailedGetInfo,Failed to get mod update info,Text on the ModUpdate component,Error al obtener información de actualización del mod,
Resources,ModUpdate_FailedDownload,Failed to download mod file,Text on the ModUpdate component,Error al descargar archivo de mod,
Resources,ModUpdate_FailedInstall,Failed to install mod file,Text on the ModUpdate component,Error al instalar archivo de mod,
Resources,ModPage_FailedGetUpdateInfo,Failed to get mod update info,Text on the ModPage component,Error al obtener información de actualización del mod,
Resources,ModPage_FailedDownload,Failed to download mod file,Text on the ModPage component,Error al descargar archivo de mod,
Resources,ModPage_FailedInstall,Failed to install mod file,Text on the ModPage component,Error al instalar archivo de mod,
Resources,Gallery_FailedDeleteMod,Failed to delete mod,Text on the Gallery component,Error al eliminar mod,
Resources,Gallery_ModDeleted,Mod deleted,Text on the Gallery component,Mod eliminado,
Resources,Gallery_ModDeletedMessage,{0} has been deleted,The {0} placeholder is replaced with the mod name or count,{0} ha sido eliminado,
Resources,Gallery_FailedSaveImage,Failed to save image,Text on the Gallery component,Error al guardar imagen,
Resources,CharDetails_ErrorSwitchSkin,Error while switching character skin.,Notification: error switching character skin,Error al cambiar la skin del personaje.,
Resources,CharDetails_ErrorDisableMods,Error while disabling mods,Notification: error disabling mods,Error al deshabilitar mods,
Resources,CharDetails_ErrorDeleteMods,Error Deleting Mods,Notification title when mod deletion fails,Error al Eliminar Mods,
Resources,CharDetails_ModsDeleted,{0} Mods Deleted,The {0} placeholder is replaced with the mod name or count,{0} Mods Eliminados,
Resources,CharDetails_ErrorLoading,An error occurred while loading the character details page.,Loading text,Ocurrió un error al cargar la página de detalles del personaje.,
Resources,CharDetails_UnknownError,An unknown error occured while executing the command,Text on the CharDetails component,Ocurrió un error desconocido al ejecutar el comando,
Resources,CharDetails_DragDropFailed,Drag And Drop operation failed,Notification: error during drag-and-drop,La operación de arrastrar y soltar falló,
Resources,CharDetails_ErrorOpenModPage,Error opening mod page window,Notification: error opening mod page,Error al abrir la ventana de página de mod,
Resources,CharDetails_ErrorAddStorageItems,Error while adding storage items.,Text on the CharDetails component,Error al agregar elementos de almacenamiento.,
Resources,CharDetails_DestModListNotFound,Destination Mod List Not Found,Notification: destination character not found for mod move,Lista de Mods de Destino No Encontrada,
Resources,CharDetails_InvalidOpException,Invalid Operation Exception,Text on the CharDetails component,Excepción de Operación Inválida,
Resources,CharDetails_SkinOverrideChanged,Changed skin override for mod,UI for managing skin overrides on this character,Se cambió la anulación de skin para el mod,
Resources,CharDetails_ModsMoved,{0} Mods Moved,The {0} placeholder is replaced with the mod name or count,{0} Mods Movidos,
Resources,CharDetails_ErrorRefreshMods,Error refreshing mods,Menu item or button to refresh mods,Error al actualizar mods,
Resources,CharDetails_DuplicateModsDetected,Duplicate Mods Detected,Text on the CharDetails component,Mods Duplicados Detectados,
Resources,CharDetails_ErrorDisablingMod,An error occured disabling mod,Notification: error disabling mods,Ocurrió un error al deshabilitar mod,
Resources,CharDetails_ErrorTogglingMod,An error occured toggling mod,Text on the CharDetails component,Ocurrió un error al alternar mod,
Resources,CharDetails_ErrorSaveModSettings,An error occured saving mod settings,Text on the CharDetails component,Ocurrió un error al guardar la configuración del mod,
Resources,CharDetails_ModSettingsSaved,Mod settings saved,Text on the CharDetails component,Configuración del mod guardada,
Resources,CharDetails_ErrorLoadingMod,Error loading mod,Loading text,Error al cargar mod,
Resources,CharDetails_FailedLoadKeySwaps,Failed to load keyswaps for mod {0},Contains a dynamic value placeholder,Error al cargar key swaps para el mod {0},
Resources,CharDetails_ModFolderCopied,Mod folder path copied to clipboard,Text on the CharDetails component,Ruta de carpeta de mod copiada al portapapeles,
Resources,CharDetails_ClipboardNoImage,Clipboard does not contain a valid image,Notification: clipboard operation message,El portapapeles no contiene una imagen válida,
Resources,CharDetails_CouldNotGetClipboardImage,Could not retrieve image from clipboard,Notification: clipboard operation message,No se pudo obtener la imagen del portapapeles,
Resources,CharDetails_FailedSaveKeySwaps,Failed to save key swaps,Text on the CharDetails component,Error al guardar key swaps,
Resources,CharDetails_ErrorRunCommand,An error occured running command {0},The {0} placeholder is replaced with the error details,Ocurrió un error al ejecutar el comando {0},
Resources,CharDetails_CouldNotDisableAllMods,Could not disable all mods.,Notification body: could not disable all mods,No se pudieron deshabilitar todos los mods.,
Resources,ModInstaller_AddedToModList,"Mod '{0}' ({1}), was successfully added to {2} ModList",The {0} placeholder is replaced with the mod name or count,Mod '{0}' ({1}) se agregó exitosamente a {2} ModList,
Resources,PresetDetails_RemovedModMsg,Removed {0} mod '{1}' from preset {2},The {0} placeholder is replaced with the mod name or count,Se eliminó {0} mod '{1}' del preset {2},
Resources,PresetDetails_PrefsSavedMsg,Preferences saved successfully for mod {0},Contains a dynamic value placeholder,Preferencias guardadas exitosamente para el mod {0},
Resources,Preset_ModPrefsRemovedMsg,Mod preferences have been removed{0},The {0} placeholder is replaced with the mod name or count,Se han eliminado las preferencias de mod{0},
Resources,CharDetails_DeletedSuccessMsg,Successfully deleted {0} in {1} Mods Folder,Contains multiple dynamic value placeholders,Se eliminaron exitosamente {0} en la carpeta de Mods de {1},
Resources,CharDetails_ErrorAddStorageReason,"An error occurred while adding the storage items. Reason:
{0}",The {0} placeholder is replaced with the error details,"Ocurrió un error al agregar los elementos de almacenamiento. Motivo:
{0}",
Resources,CharDetails_ErrorAddStorageReason2,"An error occurred while adding the storage items.
{0}",The {0} placeholder is replaced with the error details,"Ocurrió un error al agregar los elementos de almacenamiento.
{0}",
Resources,CharDetails_CannotMoveModsMsg,"Cannot move mods
{0}, see logs for details.",The {0} placeholder is replaced with the mod name or count,"No se pueden mover mods
{0}, consulte los registros para más detalles.",
Resources,CharDetails_MovedSuccessMsg,Successfully moved {0} mods to {1},Contains multiple dynamic value placeholders,Se movieron exitosamente {0} mods a {1},
Resources,CharDetails_SkinOverrideSetMsg,Set skin override for mod '{0}' to {1},Contains multiple dynamic value placeholders,Se estableció la anulación de skin para el mod '{0}' a {1},
Resources,Notification_ErrorOccurred,An error occured!,Notification title or message. Related to: erroroccurred,¡Ocurrió un error!,
Resources,Notification_UnstableState,JASM+ may be in an unstable state could crash at any moment. It is suggested to restart the app.,Notification title or message. Related to: unstablestate,JASM+ puede estar en un estado inestable y podría cerrarse en cualquier momento. Se sugiere reiniciar la aplicación.,
Resources,Notification_CommandError,An error occured error while executing command '{0}',Notification title or message. Related to: commanderror,Ocurrió un error al ejecutar el comando '{0}',
Resources,Notification_ErrorTogglingMod,An error occurred {0} the mod: {1},Notification title or message. Related to: errortogglingmod,Ocurrió un error al {0} el mod: {1},
Resources,Notification_SeeLogs,See logs for more details.,Notification title or message. Related to: seelogs,Consulte los registros para más detalles.,
Resources,Notification_MovedMods,Moved {0} mods to new character folders,Notification title or message. Related to: movedmods,Se movieron {0} mods a nuevas carpetas de personaje,
Resources,Notification_ErrorRestartingApp,Error restarting app,Notification title or message. Related to: errorrestartingapp,Error al reiniciar la aplicación,
Resources,Notification_RestartManually,Please restart manually,Notification title or message. Related to: restartmanually,"Por favor, reinicie manualmente",
Resources,Notification_TryingLegacyRestart,Trying legacy restart method. Reason: {0},Notification title or message. Related to: tryinglegacyrestart,Intentando método de reinicio alternativo. Motivo: {0},
Resources,Notification_PleaseRestartManuallyReason,Please restart manually. Reason: {0},Notification title or message. Related to: pleaserestartmanuallyreason,"Por favor, reinicie manualmente. Motivo: {0}",
Resources,Notification_CommandStartError,An error occured when starting command,Notification title or message. Related to: commandstarterror,Ocurrió un error al iniciar el comando,
Resources,Notification_CommandNotFound,Command not found,Notification title or message. Related to: commandnotfound,Comando no encontrado,
Resources,Notification_CommandNotFoundMsg,Command with id '{0}' not found,Notification body message: Command with id '{0}' not found... Shown when commandnotfoundmsg,Comando con id '{0}' no encontrado,
Resources,Notification_CommandCannotStart,Command cannot be started,Notification title or message. Related to: commandcannotstart,El comando no puede iniciarse,
Resources,Notification_CommandCannotStartMsg,Command '{0}' cannot be started due to the following errors: {1},Notification body message: Command '{0}' cannot be started due to the following errors:... Shown when commandcannotstartmsg,El comando '{0}' no puede iniciarse debido a los siguientes errores: {1},
Resources,Notification_CommandStarted,Command started,Notification title or message. Related to: commandstarted,Comando iniciado,
Resources,Notification_CommandStartedMsg,Command '{0}' started,Notification body message: Command '{0}' started... Shown when commandstartedmsg,Comando '{0}' iniciado,
Resources,Notification_KeySwapSaveFailed,Failed to save key swap configuration for mod {0},Notification title or message. Related to: keyswapsavefailed,Error al guardar la configuración de key swap para el mod {0},
Resources,Notification_KeySwapSaveError,An error occurred when saving. Reason: {0},Notification title or message. Related to: keyswapsaveerror,Ocurrió un error al guardar. Motivo: {0},
Resources,Notification_DragDropMultipleItems,"Drag and drop called with more than one storage item, this is currently not supported",Notification title or message. Related to: dragdropmultipleitems,"Arrastrar y soltar llamado con más de un elemento de almacenamiento, esto no está soportado actualmente",
Resources,Notification_FinishAddingMod,Please finish adding the mod for '{0}' first,Notification title or message. Related to: finishaddingmod,"Por favor, termine de agregar el mod para '{0}' primero",
Resources,Notification_NoMultipleInstalls,JASM+ does not support multiple mod installs for the same character,Notification title or message. Related to: nomultipleinstalls,JASM+ no soporta múltiples instalaciones de mods para el mismo personaje,
Resources,Notification_PresetApplyFailed,Failed to apply preset,Notification title or message. Related to: presetapplyfailed,Error al aplicar el preset,
Resources,Notification_CannotWritePrefs,Could not write mod preferences to 3Dmigoto user .ini,Notification title or message. Related to: cannotwriteprefs,No se pudieron escribir las preferencias de mod en el .ini de usuario de 3Dmigoto,
Resources,Notification_SeeLogsDetails,See logs for details,Notification title or message. Related to: seelogsdetails,Consulte los registros para detalles,
Resources,Notification_PresetApplied,Mod preset applied,Notification title or message. Related to: presetapplied,Preset de mod aplicado,
Resources,Notification_PresetAppliedMsg,Mod preset {0} applied successfully,Notification body message: Mod preset {0} applied successfully... Shown when presetappliedmsg,Preset de mod {0} aplicado exitosamente,
Resources,Notification_SavePrefsFailed,Failed to save active preferences,Notification title or message. Related to: saveprefsfailed,Error al guardar las preferencias activas,
Resources,Notification_PrefsSaved,Active preferences saved,Notification title or message. Related to: prefssaved,Preferencias activas guardadas,
Resources,Notification_PrefsSavedMsg,Preferences stored in {0} have been saved for enabled mods,Notification body message: Preferences stored in {0} have been saved for enabled mods... Shown when prefssavedmsg,Las preferencias almacenadas en {0} han sido guardadas para los mods habilitados,
Resources,Notification_ApplyPrefsFailed,Failed to apply saved preferences,Notification title or message. Related to: applyprefsfailed,Error al aplicar las preferencias guardadas,
Resources,Notification_PrefsApplied,Saved preferences applied,Notification title or message. Related to: prefsapplied,Preferencias guardadas aplicadas,
Resources,Notification_PrefsAppliedMsg,Mod preferences written to 3DMigoto {0},Notification body message: Mod preferences written to 3DMigoto {0}... Shown when prefsappliedmsg,Preferencias de mod escritas en 3DMigoto {0},
Resources,Notification_SettingsSaveFailed,Failed to save settings for mod {0},Notification title or message. Related to: settingssavefailed,Error al guardar la configuración para el mod {0},
Resources,Notification_SettingsErrorMsg,An Error Occurred. Reason: {0},Notification body message: An Error Occurred. Reason: {0}... Shown when settingserrormsg,Ocurrió un Error. Motivo: {0},
Resources,Notification_SettingsFileNotFound,Could not find settings file for mod {0},Notification title or message. Related to: settingsfilenotfound,No se pudo encontrar el archivo de configuración para el mod {0},
Resources,Notification_SettingsReadFailed,Failed to read settings for mod {0},Notification title or message. Related to: settingsreadfailed,Error al leer la configuración para el mod {0},
Resources,Notification_SettingsReadErrorMsg,An error occurred. Reason: {0},Notification body message: An error occurred. Reason: {0}... Shown when settingsreaderrormsg,Ocurrió un error. Motivo: {0},
Resources,Notification_NoChanges,No changes were detected,Notification title or message. Related to: nochanges,No se detectaron cambios,
Resources,Notification_NoChangesMsg,Mod settings not updated,Notification body message: Mod settings not updated... Shown when nochangesmsg,Configuración del mod no actualizada,
Resources,Notification_ImagePathNotFound,Image path not found,Notification title or message. Related to: imagepathnotfound,Ruta de imagen no encontrada,
Resources,Notification_ImagePathNotFoundMsg,When saving mod settings the currently set image could not be found,Notification body message: When saving mod settings the currently set image could not b... Shown when imagepathnotfoundmsg,Al guardar la configuración del mod no se pudo encontrar la imagen actualmente establecida,
Resources,Notification_ModSettingsUpdated,Mod settings updated,Notification title or message. Related to: modsettingsupdated,Configuración del mod actualizada,
Resources,Notification_ModSettingsUpdatedMsg,Mod settings have been updated for {0},Notification body message: Mod settings have been updated for {0}... Shown when modsettingsupdatedmsg,La configuración del mod ha sido actualizada para {0},
Resources,Notification_CouldNotFindMod,Could not find mod,Notification title or message. Related to: couldnotfindmod,No se pudo encontrar el mod,
Resources,Notification_CouldNotFindModMsg,"An error occured trying to set Mod ini, restarting JASM+ may help","Notification body message: An error occured trying to set Mod ini, restarting JASM+ may ... Shown when couldnotfindmodmsg","Ocurrió un error al intentar establecer el ini del mod, reiniciar JASM+ puede ayudar",
Resources,Notification_CouldNotFindModSettings,Could not find mod settings,Notification title or message. Related to: couldnotfindmodsettings,No se pudo encontrar la configuración del mod,
Resources,Notification_InvalidModIniPath,Invalid Mod ini path,Notification title or message. Related to: invalidmodinipath,Ruta de ini del mod inválida,
Resources,Notification_InvalidModIniPathMsg,An error occured trying to parse the path to the .ini,Notification body message: An error occured trying to parse the path to the .ini... Shown when invalidmodinipathmsg,Ocurrió un error al intentar analizar la ruta al .ini,
Resources,Notification_ModIniNotExist,Mod ini file does not exist,Notification title or message. Related to: modininotexist,El archivo ini del mod no existe,
Resources,Notification_ModIniNotExistMsg,Could not find file at {0},Notification body message: Could not find file at {0}... Shown when modininotexistmsg,No se pudo encontrar el archivo en {0},
Resources,Notification_ModIniNotInModFolder,Mod ini file is not in mod folder,Notification title or message. Related to: modininotinmodfolder,El archivo ini del mod no está en la carpeta del mod,
Resources,Notification_ModIniNotInModFolderMsg,The mod ini file must be in the mod folder. Mod folder: {0}\nIni path: {1},Notification body message: The mod ini file must be in the mod folder. Mod folder: {0}\... Shown when modininotinmodfoldermsg,El archivo ini del mod debe estar en la carpeta del mod. Carpeta del mod: {0}\nRuta del ini: {1},
Resources,Notification_AnErrorOccurred,An Error Occurred,Notification title or message. Related to: anerroroccurred,Ocurrió un Error,
Resources,Notification_BgCheckerError,An error occurred in the mod update background checker,Notification title or message. Related to: bgcheckererror,Ocurrió un error en el verificador de actualizaciones en segundo plano,
Resources,Notification_BgCheckerFatal,A fatal error occured in the background checker ({0} : {1}). This means that JASM+ can no longer check for mod updates in the background or manually. Error: {2},Notification title or message. Related to: bgcheckerfatal,Ocurrió un error fatal en el verificador en segundo plano ({0} : {1}). Esto significa que JASM+ ya no puede verificar actualizaciones de mods en segundo plano o manualmente. Error: {2},
Resources,Notification_UpdateCheckError,An error occurred while checking for mod updates.,Notification title or message. Related to: updatecheckerror,Ocurrió un error al verificar actualizaciones de mods.,
Resources,Notification_StoppingBgChecker,Stopping background mod update checker...,Notification title or message. Related to: stoppingbgchecker,Deteniendo el verificador de actualizaciones en segundo plano...,
Resources,Notification_NoModsToCheck,No mods to check for updates,Notification title or message. Related to: nomodstocheck,No hay mods para verificar actualizaciones,
Resources,Notification_NoModsToCheckMsg,"None of the mods were valid, therefore no check has been performed","Notification body message: None of the mods were valid, therefore no check has been per... Shown when nomodstocheckmsg","Ninguno de los mods era válido, por lo tanto no se realizó ninguna verificación",
Resources,Notification_FinishedChecking,Finished checking for mod updates,Notification title or message. Related to: finishedchecking,Verificación de actualizaciones de mods finalizada,
Resources,Notification_FinishedCheckingMsg,Finished checking {0} mods for updates for {1},Notification body message: Finished checking {0} mods for updates for {1}... Shown when finishedcheckingmsg,Se verificaron {0} mods en busca de actualizaciones para {1},
Resources,Notification_NotImplemented,Not Implemented,Notification title or message. Related to: notimplemented,No Implementado,
Resources,Notification_NotImplementedMsg,This feature is not implemented yet.,Notification body message: This feature is not implemented yet.... Shown when notimplementedmsg,Esta función aún no está implementada.,
Resources,Notification_CouldNotStartProcess,Could not start process,Notification title or message. Related to: couldnotstartprocess,No se pudo iniciar el proceso,
Resources,Notification_UnknownError,An unknown error occurred,Notification title or message. Related to: unknownerror,Ocurrió un error desconocido,
Resources,Notification_FailedToStartProcess,Failed to start {0},Notification title or message. Related to: failedtostartprocess,Error al iniciar {0},
Resources,Notification_FailedToStartUac,"Failed to start {0}, this can happen due to the user cancelling the UAC (admin) prompt",Notification title or message. Related to: failedtostartuac,"Error al iniciar {0}, esto puede ocurrir si el usuario canceló la solicitud de UAC (admin)",
Resources,Notification_FailedToStartRunAsAdmin,"Failed to start {0}, this can happen if the exe has the 'Run as administrator' option enabled in the exe properties",Notification title or message. Related to: failedtostartrunasadmin,"Error al iniciar {0}, esto puede ocurrir si el exe tiene la opción 'Ejecutar como administrador' habilitada en las propiedades",
Resources,Notification_SkinOverrideFailed,Failed to override character skin for mod {0},Notification title or message. Related to: skinoverridefailed,Error al anular la skin del personaje para el mod {0},
Resources,Notification_SkinOverrideErrorMsg,An Error Occurred. Reason: {0},Notification body message: An Error Occurred. Reason: {0}... Shown when skinoverrideerrormsg,Ocurrió un Error. Motivo: {0},
Resources,Notification_FolderActivityDetected,Folder Activity Detected in {0}'s Mod Folder,Notification title or message. Related to: folderactivitydetected,Actividad de Carpeta Detectada en la Carpeta de Mods de {0},
Resources,Notification_FolderActivityMsg,Files/Folders were changed in the characters mod folder and mods have been refreshed.,Notification body message: Files/Folders were changed in the characters mod folder and ... Shown when folderactivitymsg,Se cambiaron archivos/carpetas en la carpeta de mods del personaje y los mods han sido actualizados.,
Resources,Notification_GetPresetsFailed,"Failed to get presets, could not automatically update mod entries in presets",Notification title or message. Related to: getpresetsfailed,"Error al obtener presets, no se pudieron actualizar automáticamente las entradas de mod en los presets",
Resources,Notification_UpdatePresetFailed,"Failed to update preset {0}, could not automatically update mod entries in preset. Please check your presets manually",Notification title or message. Related to: updatepresetfailed,"Error al actualizar el preset {0}, no se pudieron actualizar automáticamente las entradas de mod en el preset. Por favor revise sus presets manualmente",
Resources,Notification_ModUpdatedForPresets,Mod was updated for presets,Notification title or message. Related to: modupdatedforpresets,El mod fue actualizado en los presets,
Resources,Notification_ModNotUpdatedForPresets,Mod was not updated for any presets,Notification title or message. Related to: modnotupdatedforpresets,El mod no fue actualizado en ningún preset,
Resources,Notification_ReadOnlyPresetsNotUpdated,The following presets were not updated due to being read-only: {0},Notification title or message. Related to: readonlypresetsnotupdated,Los siguientes presets no se actualizaron por ser de solo lectura: {0},
Resources,Notification_ModUpdatedInPresets,The mod was updated in the following presets: {0},Notification title or message. Related to: modupdatedinpresets,El mod fue actualizado en los siguientes presets: {0},
Resources,Notification_CouldNotDetermineSkin,Could not determine skin for new mod,Notification title or message. Related to: couldnotdetermineskin,No se pudo determinar la skin para el nuevo mod,
Resources,Notification_CouldNotDetermineSkinMsg,"JASM+ could not determine what ingame skin this mod is for, therefore it can't determine what mods to disable.","Notification body message: JASM+ could not determine what ingame skin this mod is for, t... Shown when couldnotdetermineskinmsg","JASM+ no pudo determinar para qué skin del juego es este mod, por lo tanto no puede determinar qué mods deshabilitar.",
Resources,Notification_SystemError,System error: {0},Notification title or message. Related to: systemerror,Error del sistema: {0},
Resources,CharacterCard_GoToModsOverview.ToolTipService.ToolTip,Go to character in Mods Overview,Tooltip: navigate to this character in Mods Overview,Ir al personaje en Vista General de Mods,
Resources,CharacterCard_EditCharacter.ToolTipService.ToolTip,Edit Character,Tooltip: open the character editor for this character,Editar Personaje,
Resources,CharacterDetails_SearchMoveMod_PlaceholderText,Search...,UI for moving mods between characters,Buscar...,
Resources,CharacterDetails_AddModFolder.ToolTipService.ToolTip,Add a mod folder,Tooltip explanation on the CharacterDetails component,Agregar una carpeta de mod,
Resources,CharacterDetails_AddArchive.ToolTipService.ToolTip,Add a mod inside a compressed archive,Tooltip explanation on the CharacterDetails component,Agregar un mod dentro de un archivo comprimido,
Resources,CharacterDetails_RefreshMods.Text,Refresh Mods,Menu item or button to refresh mods,Refrescar Mods,
Resources,CharacterDetails_OpenGIMIRootFolder.Text,Open 3Dmigoto Root folder...,Static label text on the CharacterDetails component,Abrir carpeta raíz de 3Dmigoto...,
Resources,CharacterDetails_SingleSelect.ToolTipService.ToolTip,Selecting this will only allow one mod to be enabled at a time.,"Toggle: when enabled, only one mod can be active at a time",Seleccionar esto solo permitirá habilitar un mod a la vez.,
Resources,CharacterDetails_SavePreferences.Text,Save preferences for selected mod,"Toggle: saves/reads mod preferences (enabled state, order) for this mod",Guardar preferencias para el mod seleccionado,
Resources,CharacterDetails_SavePreferences.ToolTipService.ToolTip,Reads 3Dmigoto mod preferences (d3dx_user.ini) for the selected mod and stores the settings in the Mod's .JASM_Config.json file,"Toggle: saves/reads mod preferences (enabled state, order) for this mod",Lee las preferencias de mod de 3Dmigoto (d3dx_user.ini) para el mod seleccionado y almacena la configuración en el archivo .JASM_Config.json del Mod,
Resources,CharacterDetails_ReadPreferences.Text,Read preferences for selected mod,"Toggle: saves/reads mod preferences (enabled state, order) for this mod",Leer preferencias para el mod seleccionado,
Resources,CharacterDetails_ReadPreferences.ToolTipService.ToolTip,Reads the currently selected mod's preferences from .JASM_Config.json and writes them to d3dx_user.ini for 3Dmigoto to read,"Toggle: saves/reads mod preferences (enabled state, order) for this mod",Lee las preferencias del mod seleccionado desde .JASM_Config.json y las escribe en d3dx_user.ini para que 3Dmigoto las lea,
Resources,ModPane_ChangeDisplayName.ToolTipService.ToolTip,Change mod display name,Tooltip: edit the mod display name,Cambiar nombre del mod,
Resources,ModPane_SetModIni.ToolTipService.ToolTip,Set the mod .ini file to be read by JASM+,Button/checkbox for managing the mod .ini file,Establecer el archivo .ini del mod para que JASM+ lo lea,
Resources,ModPane_IgnoreIni.ToolTipService.ToolTip,JASM+ will not look for merged.ini/Script.ini file and ignore keyswaps for this mod,Button/checkbox for managing the mod .ini file,JASM+ no buscará archivos merged.ini/Script.ini e ignorará los keyswaps para este mod,
Resources,CharDetails_DeleteDialog_Content,Move to Recycle Bin?,Checkbox label: whether to move deleted mods to Recycle Bin,¿Mover a la Papelera de Reciclaje?,
Resources,CharDetails_RemovePresetsDialog_Content,Remove from Presets?,Button or toggle label on the CharDetails component,¿Eliminar de los Presets?,
Resources,CharDetails_DeleteButton_Text,Delete,Delete button label in the mod deletion dialog,Eliminar,
Resources,CharDetails_CancelButton_Text,Cancel,Static label text on the CharDetails component,Cancelar,
Resources,CharDetails_ErrorDeletingMods_Text,Error deleting mods:,Notification: error deleting mods,Error al eliminar mods:,
Resources,CharDetails_DuplicateModsMessage,Duplicate mods were detected in {0}'s mod folder.,The {0} placeholder is replaced with the mod name or count,Se detectaron mods duplicados en la carpeta de mods de {0}.,
Resources,CharDetails_DuplicateRenamedMessage,Mod: '{0}' was renamed to '{1}' to avoid conflicts.,Contains multiple dynamic value placeholders,Mod: '{0}' fue renombrado a '{1}' para evitar conflictos.,
Resources,CharDetails_NewModFilesAvailable,New Mod Files Available: {0},The {0} placeholder is replaced with the mod name or count,Nuevos Archivos de Mod Disponibles: {0},
Resources,CharDetails_SetButton.Text,Set,Static label text on the CharDetails component,Establecer,
Resources,CharDetails_SetImageButton.Text,Set Image,Static label text on the CharDetails component,Establecer Imagen,
Resources,CharacterDetails_OnlyOneSkin.ToolTip,"This character only has one default in-game skin, so you can't change it.",Tooltip explanation on the CharacterDetails component,"Este personaje solo tiene una skin predeterminada, no se puede cambiar.",
Resources,ModPane_Unknown,Unknown,Fallback text when mod value is unknown,Desconocido,
Resources,CharDetails_DeleteModsDialog_Title,Delete These {0} Mods?,The {0} placeholder is replaced with the mod name or count,¿Eliminar Estos {0} Mods?,
Resources,CharDetails_PresetErrorMods,Preset error Mods:,Text on the CharDetails component,Mods con error de preset:,
Resources,CharDetails_DeleteErrorMods,Delete error Mods:,Notification title when mod deletion fails,Mods con error al eliminar:,
Resources,CharDetails_Loading_Mods,Mods,Loading text,Mods,
Resources,CharDetails_Loading_ModPane,ModPane,Loading text,Panel de Mod,
Resources,CharDetails_Loading_Toolbar,Toolbar,Loading text,Barra de Herramientas,
Resources,CharDetails_Loading_ContextMenu,Context Menu,Loading text,Menú Contextual,
Resources,CharDetails_Loading_Grid,Grid,Loading text,Cuadrícula,
Resources,CharDetails_Loading_Character,Character,Loading text,Personaje,
Resources,CustomImage_PasteImage.Text,Paste Image,Context menu item to pasteimage an image,Pegar Imagen,
Resources,CustomImage_CopyImage.Text,Copy Image,Context menu item to copyimage an image,Copiar Imagen,
Resources,CustomImage_ClearImage.Text,Clear image,Context menu item to clearimage an image,Limpiar imagen,
Resources,LinkButton_CopyLink.Text,Copy Link,Hyperlink button label,Copiar Enlace,
Resources,CharacterDetails_ShowModFolderColumn.Text,Show 'Mod Folder Names' column,Toggle: shows/hides the mod folder name column,Mostrar columna 'Nombres de Carpeta de Mods',
Resources,CharacterManager_NoResultsFound,No results found,Text on the CharacterManager component,Sin resultados,
Resources,CharactersPage_NoCategoryFound,No {0} Found...,The {0} placeholder is replaced with the character name,No se encontraron {0}...,
Resources,CharacterDetails_ViewToggle_OffContent,Detailed View,Toggle switch to switch between Gallery View or Detailed View,Vista Detallada,
Resources,CharacterDetails_ViewToggle_OnContent,Gallery View,Toggle switch to switch between Gallery View or Detailed View,Vista Galería,
Resources,CharacterGalleryPage_SingleSelect_Content,Single Select,Toggle/tooltip: restrict to one active mod per character,Selección Única,
Resources,CharacterGalleryPage_SingleSelect_ToolTip,Selecting this will only allow one mod to be enabled at a time.,Toggle/tooltip: restrict to one active mod per character,Seleccionar esto solo permitirá que un mod esté habilitado a la vez.,
Resources,CharacterGalleryPage_ViewToggleSwitch_OffContent,Detailed View,Toggle switch for Gallery View / Detailed View,Vista Detallada,
Resources,CharacterGalleryPage_ViewToggleSwitch_OnContent,Gallery View,Toggle switch for Gallery View / Detailed View,Vista Galería,
Resources,CharacterManagerPage_SearchBox_Header,Search for a character to edit or add a new character,Placeholder or label for the character search box,Busca un personaje para editar o agregar uno nuevo,
Resources,CreateCommandView_Arguments_PlaceholderText,Arguments that will be passed to the executable,Label/placeholder for command arguments,Argumentos que se pasarán al ejecutable,
Resources,CreateCommandView_CommandName_PlaceholderText,Command Display Name (Required),Label/placeholder for the command display name (Required field),Nombre a Mostrar del Comando (Requerido),
Resources,CreateCommandView_Executable_PlaceHolderText,Must either be in $PATH or be an absolute path to the executable (Required),Label/placeholder/title for the executable path (Required field),Debe estar en $PATH o ser una ruta absoluta al ejecutable (Requerido),
Resources,CreateCommandView_WorkingDirectory_PlaceHolderText,"When manually specifying a path, the folder must exist",Label/placeholder for the working directory,"Al especificar una ruta manualmente, la carpeta debe existir",
Resources,ModInstallerPage_AddModButton_Content,Add Mod,Button to finish installing the mod,Agregar Mod,
Resources,ModInstallerPage_Note_PlaceholderText,"Custom free text note, shown in grid on character details page",Label/placeholder for a free-text note about this mod,"Nota de texto libre personalizada, mostrada en la cuadrícula en la página de detalles del personaje",
Resources,Error,Error,Process status indicator: Error,Error,
Resources,Running,Running,Process status indicator: Running,En ejecución,
Resources,Stopped,Stopped,Process status indicator: Stopped,Detenido,
Resources,Waiting,Waiting,Process status indicator: Waiting,Esperando,
Resources,Overview,Overview,Process status indicator: Overview,Resumen,
Resources,ModInstallerPage_AlwaysOnTopToggle.ToolTip,Keep window always on top,Toggle tooltip: keep window always on top,Mantener ventana siempre al frente,
Resources,ModInstallerPage_RetrieveModInfoButton.ToolTip,Get mod info from the mod page,Button/tooltip: fetch mod info from GameBanana,Obtener información del mod desde la página de mod,
Resources,CharacterGallery_DoNotAskAgain,Do not ask again,Checkbox label in the delete mod confirmation dialog,No preguntar de nuevo,
Resources,CharacterGallery_DeleteConfirmText,Are you sure you want to delete {0}?,Confirmation question when deleting a mod. {0} is the mod name,Estás seguro de que quieres eliminar {0}?,
Resources,CharacterGallery_DeleteTitle,Delete mod,Title of the delete mod confirmation dialog,Eliminar mod,
Resources,CharacterGallery_DeletePrimaryButton,Delete,Confirm delete button in the delete mod dialog,Eliminar,
Resources,CharacterGallery_DeleteCloseButton,Cancel,Cancel/close button in the delete mod dialog,Cancelar,
Resources,CharacterDetails_RunCommandButton.Content,Run,Button to run a custom command,Ejecutar,
Resources,CharacterDetails_OverrideText.Text,Override,Button label to override a skin for this mod,Sobrescribir,
Resources,Settings_Update_Downloading,Downloading update…,,Descargando actualización…,
Resources,Settings_Update_DownloadingProgress,Downloading… {0}%,,Descargando… {0}%,
Resources,Settings_Update_Extracting,Extracting update…,,Extrayendo actualización…,
Resources,Settings_Update_Restarting,Restarting to apply update…,,Reiniciando para aplicar la actualización…,
Resources,Settings_Update_DownloadFailed,Could not find download URL,,No se pudo encontrar la URL de descarga,
Resources,Settings_Update_ErrorStarting,Error during update,,Error durante la actualización,
Resources,Settings_Update_ButtonText.Text,Update to,,Actualizar a,
Resources,Settings_Update_BlockedModsAtRoot_Title,Could not update,Title of the dialog shown when an auto-update is blocked because a game's mods folder is set to the JASM install root,No se pudo actualizar,
Resources,Settings_Update_BlockedModsAtRoot,Update blocked,Status text in Settings when the update is blocked due to a mods folder at the JASM install root,Actualización bloqueada,
Resources,Settings_Update_BlockedModsAtRoot_Message,You need to move {0}'s mods location to another folder. The current root folder is not compatible with auto-updating this release.,{0} is the name of the game whose mods folder is at the JASM install root. Instructs the user to move that game's mods to another folder before updating.,Debes mover la ubicación de los mods de {0} a otra carpeta. La carpeta raíz actual no es compatible con la actualización automática de esta versión.,
Resources,Settings_Update_BlockedModsAtRoot_Close,OK,Close/dismiss button on the update-blocked dialog,Aceptar,
Resources,Settings_ModsFolder_IsJasmRoot,The mods folder cannot be the JASM install folder root. Choose a different folder.,"Blocking validation error: the user tried to set the mods folder to the JASM install folder root, which is incompatible with auto-updating",La carpeta de mods no puede ser la raíz de la carpeta de instalación de JASM. Elige otra carpeta.,
Resources,Settings_ModsFolder_InsideJasmWarning,This mods folder is inside the JASM install folder. It is recommended to place mods outside of JASM so they are not affected by updates.,Non-blocking warning: the chosen mods folder is inside the JASM install folder; placing mods outside avoids them being affected by updates,Esta carpeta de mods está dentro de la carpeta de instalación de JASM. Se recomienda colocar los mods fuera de JASM para que no se vean afectados por las actualizaciones.,
Resources,Settings_ModPersistence_NoneDesc,Mods will lose their presets and configs if hot-swapped while the game is running.,,Los mods perderán sus presets y configuraciones si se intercambian en caliente mientras el juego está en ejecución.,
Resources,Settings_ModPersistence_FileIniDesc,Settings will be overridden in the Mod's .ini file. This can cause issues if certain defaults are expected; reinstall mods if issues arise.,,La configuración se sobrescribirá en el archivo .ini del mod. Esto puede causar problemas si se esperan ciertos valores por defecto; reinstala los mods si surgen problemas.,
Resources,Settings_ModPersistence_UserIniDesc,Watches and auto-manages d3dx_user.ini. This can cause issues if reloading mods takes too long or if storage is too slow; may require reloading (F10) a couple times if not loading properly.,,Supervisa y gestiona automáticamente d3dx_user.ini. Esto puede causar problemas si recargar mods tarda demasiado o si el almacenamiento es lento; puede requerir recargar (F10) un par de veces si no carga correctamente.,
Resources,OneClick_Failed_Title,GameBanana 1-click install failed,,GameBanana 1-click install failed,
Resources,OneClick_Failed_Message,The install could not be completed: {0},,The install could not be completed: {0},
Resources,OneClick_ModNotFound_Message,GameBanana did not return any information for mod {0}.,,GameBanana did not return any information for mod {0}.,
Resources,OneClick_UnsupportedGame_Title,Game not supported,,Game not supported,
Resources,OneClick_UnsupportedGame_Message,"This mod is for {0}, which JASM+ does not support.",,"This mod is for {0}, which JASM+ does not support.",
Resources,OneClick_WrongGame_Title,Different game is active,,Different game is active,
Resources,OneClick_WrongGame_Message,This mod is for {0}. Switch JASM+ to {0} and click the link again.,,This mod is for {0}. Switch JASM+ to {0} and click the link again.,
Resources,OneClick_Preparing_Status,Preparing {0}…,,Preparing {0}…,
Resources,OneClick_Downloading_Status,Downloading {0} — {1}%,,Downloading {0} — {1}%,
Resources,OneClick_UsingCachedArchive_Status,Using the cached archive for {0}…,,Using the cached archive for {0}…,
Resources,OneClick_Extracting_Status,Extracting {0}…,,Extracting {0}…,
Resources,OneClick_Confirm_Title,Install this mod?,,Install this mod?,
Resources,OneClick_Confirm_Mod,Mod: {0},,Mod: {0},
Resources,OneClick_Confirm_Author,Author: {0},,Author: {0},
Resources,OneClick_Confirm_Target,Install for: {0} — {1},,Install for: {0} — {1},
Resources,OneClick_Confirm_Source,Source: {0},,Source: {0},
Resources,OneClick_Confirm_Scan,GameBanana scan: {0}{1},,GameBanana scan: {0}{1},
Resources,OneClick_Confirm_Install,Install,,Install,
Resources,OneClick_Confirm_Cancel,Cancel,,Cancel,
Resources,OneClick_Warning_Title,This archive contains executable files,,This archive contains executable files,
Resources,OneClick_Warning_Message,{0} contains files that can run code:,,{0} contains files that can run code:,
Resources,OneClick_Warning_More,…and {0} more,,…and {0} more,
Resources,OneClick_Warning_Continue,Continue anyway,,Continue anyway,
Resources,OneClick_Checking_Status,Checking GameBanana…,,Checking GameBanana…,
Resources,OneClick_Confirm_Category,Category,,,
Resources,OneClick_Confirm_Character,Character,,,
Resources,OneClick_Confirm_Skin,Skin,,,
Resources,OneClick_Confirm_DefaultSkin,Default,,,
Resources,OneClick_NoTarget_Message,No install target was selected.,,,
Settings,3dmigotoFolderSelector.Title,3Dmigoto Folder,,Carpeta 3dMigoto,
Settings,ChangeLanguageDialogText,"Changing the language requires a restart of the application.
This is required to properly configure the application for the selected language.
Do you want to change the language?",,"Cambiar el idioma requiere reiniciar la aplicación.
Esto es necesario para configurar correctamente la aplicación para el idioma seleccionado.
¿Quieres cambiar el idioma?",
Settings,FolderSectionHeader.Text,Folders,,Carpetas,
Settings,GameSelectorComboBox.Header,Selected Game:,,Seleccionar juego:,
Settings,GameSelectorSectionHeader.Text,Game,,Juego,
Settings,GameSelectorTitle.Text,"JASM+ fully supports Genshin Impact and Honkai Star Rail.
JASM+ partially supports WUWA and ZZZ",,"JASM+ soporta completamente Genshin Impact y Honkai Star Rail.
JASM+ soporta parcialmente WUWA y ZZZ",
Settings,LanguageSelectionSectionHeader.Text,Language,,Idioma,
Settings,LanguageSelectorComboBox.Header,Select Display Language:,,Seleccionar idioma de visualización:,
Settings,LanguageSelectorTitle.Text,Language options are currently limited. It is a work in progress.,,Las opciones de idioma actualmente son limitadas. El trabajo está en progreso.,
Settings,ModsFolderSelector.Title,Mods Folder,,Carpeta de mods,
Settings,ModUpdateCheckerCheckBox.Content,Mod Auto Update Checker:,,Verificación automática de mods,
Settings,ModUpdateCheckerDescription.Text,"The Mod Update Checker checks for mod updates on startup and periodically in the background, only support for GameBanana.
Does a check every 2 hours when enabled, however, it only checks mods that have not been checked in at least 1 hour.
Manually checking for updates always checks GameBanana directly",,"Mod Update Checker verifica la disponibilidad de actualizaciones de mods al inicio y periódicamente en segundo plano.
Al activarse, verifica cada 240 minutos, pero solo los mods que no se han verificado en al menos 60 minutos.
La verificación manual de actualizaciones siempre consulta directamente a GameBanana.",
Settings,ModUpdateCheckerNextText.Text,Next Check at:,,Próxima verificación en:,
Settings,ModUpdateCheckerSectionHeader.Text,Mod Update Checker,,Verificación de actualizaciones de mods,
Settings,GameSourceSectionHeader.Text,Game Source,,Fuente del Juego,
Settings,GameSourceTitle.Text,Choose whether to load games and character categories from the built-in release or a community repository.,,Elige si deseas cargar los juegos y categorías de personajes desde la versión incorporada (lanzamiento) o desde un repositorio de la comunidad.,
Settings,GameSource_Release.Content,Release,,Lanzamiento (Release),
Settings,GameSource_Community.Content,Community (GitHub),,Comunidad (GitHub),
Settings,CommunityRepoUrlTextBox.Header,Community Repository URL:,,URL del Repositorio de la Comunidad:,
Settings,UpdateCommunityGamesButton.Content,Update Community Games,,Actualizar Juegos de la Comunidad,
Settings,CommunityUpdateAvailableText.Text,New community assets are available.,,Hay nuevos recursos comunitarios disponibles.,
Settings,Settings_CommunityUpdateIgnore.Content,Ignore,,Ignorar,
Settings,AdvancedSettingsSectionHeader.Text,Advanced Settings &amp; Expert Configurations,,Configuración avanzada y configuraciones de experto,
Settings,ModPersistenceLabel.Text,Mod Configuration Persistence,,Persistencia de configuración de mods,
Settings,ModPersistence_None.Content,No hard persistence,,Sin persistencia persistente,
Settings,ModPersistence_FileIni.Content,File persistence mode,,Modo de persistencia en archivo,
Settings,ModPersistence_UserIni.Content,User Settings (d3dx_user.ini) watchdog and auto management,,Supervisión y gestión automática de User Settings (d3dx_user.ini),
Settings,ExpertConfigLabel.Text,Expert Configurations,,Configuraciones de experto,
Settings,ExpertConfig_ResumeLabel.Text,On Character Resume:,,Al reanudar personaje:,
Settings,ExpertConfig_ResumeDesc.Text,Holding Alt in batch configurations enables advanced batch configurations.,,Mantener Alt en configuraciones por lotes habilita configuraciones avanzadas por lotes.,
Settings,ExpertConfig_ModPageLabel.Text,Character Mod Page:,,Página de mods del personaje:,
Settings,ExpertConfig_ModPageDesc.Text,Holding Alt on the open-URL button enables re-association on existing mods.,,Mantener Alt en el botón abrir-URL habilita la reasociación en mods existentes.,
Settings,Settings_OneClickInstall.Content,GameBanana,,GameBanana,
Settings,Settings_OneClickInstallEnabled.Content,Install mods from GameBanana 1-click links,,Install mods from GameBanana 1-click links,
Settings,Settings_OneClickInstallWithoutConfirmation.Content,Install without asking for confirmation,,Install without asking for confirmation,
Settings,Settings_OneClickInstallRepair.Content,Re-register link,,Re-register link,
Settings,Settings_OneClickInstallRemove.Content,Remove link,,Remove link,
Settings,Settings_OneClickInstallStatus_Registered,Registered for this installation ({0}).,,Registered for this installation ({0}).,
Settings,Settings_OneClickInstallStatus_NotRegistered,Not registered: GameBanana cannot open JASM+ yet.,,Not registered: GameBanana cannot open JASM+ yet.,
Settings,Settings_OneClickInstallStatus_Foreign,The '{0}' link belongs to another application ({1}).,,The '{0}' link belongs to another application ({1}).,
Startup,BackupWarning.Text,It is always a good idea to backup your files/mods before using applications that interact with your files,,Siempre es recomendable hacer copias de seguridad de tus archivos/mods antes de usar aplicaciones que interactúan con tus archivos.,
Startup,Body1.Text,"As part of the first time setup you will need to select a Model-Importer folder (3dmigoto) and its connected Mods folder. The 3dmigoto folder usually contains 3DMigoto Loader.exe/3DMigotoLoader.exe and a Mods folder. If you have not set up the model importer yet, please do so now, see link below. I find most mods on Gamebanana but Nexusmods also has some.",,"Como parte de la configuración inicial, necesitarás seleccionar la carpeta del importador de modelos (3dmigoto) y la carpeta de mods asociada. La carpeta 3dmigoto contiene 3DMigoto Loader.exe/3DMigotoLoader.exe y la carpeta de mods. Si aún no has configurado el importador de modelos, por favor, hazlo ahora utilizando el enlace a continuación. La mayoría de los mods los encuentro en Gamebanana, pero también se pueden usar Nexusmods.",
Startup,Body2.Text,Once the settings are saved the application will create a folder for each character within the Mods folder. Mod folders outside of these character folders are ignored. This application enables and disables mods by prefixing mod folders with DISABLED_. JASM+ also supports exporting Mods managed by it if you wish to use them with other applications.,,"Después de guardar la configuración, la aplicación creará una carpeta para cada personaje dentro de la carpeta 'Mods'. Las carpetas de mods que se encuentran fuera de estas carpetas de personajes se ignoran. Esta aplicación habilita y deshabilita los mods agregando el prefijo 'DISABLED_' a las carpetas de mods. JASM+ también admite la exportación de mods gestionados por él, si deseas usarlos con otras aplicaciones.",
Startup,DisableModsTooltip.Text,Prepend DISABLED_ to all mods so that they are disabled,,Agrega el prefijo DISABLED_ a todos los mods para que se desactiven,
Startup,GameSelectorBox.ToolTipService.ToolTip,Select the game you want to manage mods for. This can be changed at any time on the settings page,,Selecciona el juego para el que deseas gestionar los mods. Esto se puede cambiar en cualquier momento en la página de configuración.,
Startup,ReorganizeTooltip1.Text,Enabling this option will prompt the application to sort existing mods into folders assigned to their respective characters. Any mods that cant be reasonably matched will be placed in an Others folder.,,"Habilitar esta opción hará que la aplicación ordene los mods existentes en carpetas asignadas a los personajes correspondientes. Cualquier mod que no pueda asociarse razonablemente se colocará en la carpeta ""Otros"".",
Startup,ReorganizeTooltip2.Text,"A mod folder containing multiple character names may be wrongly moved to a characters directory. This assumes a flat mod structure, where skin folders are loosely stored in the mods folder. If you have a custom folder structure, there is a high chance that JASM+ will incorrectly identify your skins. This also the case if you have nested folders with skins inside of them.",,"Una carpeta de mods que contiene nombres de varios personajes puede moverse incorrectamente al directorio de uno de los personajes. Esto asume una estructura plana de mods, donde las carpetas de skins se almacenan libremente en la carpeta de mods. Si tienes tu propia estructura de carpetas, es muy probable que JASM+ no identifique correctamente tus skins. Esto también se aplica si tienes carpetas anidadas con skins dentro de ellas.",
Startup,ReorganizeTooltip3.Text,This can be activated later in the settings page.,,Esto se puede activar más tarde en la página de configuración,
Startup,Startup_Header.Text,First time startup,,Inicio de la aplicación,
